src,dest,weight
pegasus-mpi-cluster,5424335785880719,97510.0
pegasus-mpi-cluster,00171042a7482487,7.0
pegasus-mpi-cluster,016b315cc3f4f897,7.0
pegasus-mpi-cluster,02310934914e0167,7.0
pegasus-mpi-cluster,02c7054178933aff,7.0
pegasus-mpi-cluster,037b6c6423f9f201,7.0
pegasus-mpi-cluster,05cc73ee3a1723a6,10.0
pegasus-mpi-cluster,07b2a06bd427435f,7.0
pegasus-mpi-cluster,089a36a2c4e7cc38,7.0
pegasus-mpi-cluster,08f298d8b073c142,5.0
pegasus-mpi-cluster,0a85a93acbaefb8f,7.0
pegasus-mpi-cluster,0c7539f05849b1bf,7.0
pegasus-mpi-cluster,0db76f49ce8e72e7,7.0
pegasus-mpi-cluster,14f6c2dbfaf6838a,7.0
pegasus-mpi-cluster,18a9838b2b2a9571,7.0
pegasus-mpi-cluster,19c76510264edafa,7.0
pegasus-mpi-cluster,1a4e49c30e71e907,20.0
pegasus-mpi-cluster,1a8b8ef19b69fa89,7.0
pegasus-mpi-cluster,1af36c5a7e86f3bc,7.0
pegasus-mpi-cluster,1c6222fb5dc179ea,7.0
pegasus-mpi-cluster,2033562e05aaa28d,7.0
pegasus-mpi-cluster,20f8613cb1ea05b3,7.0
pegasus-mpi-cluster,22832ce129a26377,7.0
pegasus-mpi-cluster,291a90448d8c7a77,7.0
pegasus-mpi-cluster,2cea1428cc598724,7.0
pegasus-mpi-cluster,2dd6f61aaa94f9a0,7.0
pegasus-mpi-cluster,2e04d9e5d6e18d14,14.0
pegasus-mpi-cluster,2e2304e057fbdf36,7.0
pegasus-mpi-cluster,30da8a48302f7836,7.0
pegasus-mpi-cluster,3737c0cf1d32ecf3,7.0
pegasus-mpi-cluster,3826db173ec44d7e,7.0
pegasus-mpi-cluster,38a9d405929273d5,7.0
pegasus-mpi-cluster,3a1e4531d332d309,7.0
pegasus-mpi-cluster,3dba0c5f5edc42f3,7.0
pegasus-mpi-cluster,3e23905014d74b7e,7.0
pegasus-mpi-cluster,3f6a90d49cc3ddcd,7.0
pegasus-mpi-cluster,40fa1bd16bae3676,7.0
pegasus-mpi-cluster,46795fe9fd9cd98d,7.0
pegasus-mpi-cluster,47edfb2419789401,7.0
pegasus-mpi-cluster,480b0732c60924b6,7.0
pegasus-mpi-cluster,4be889b4c8f6c1dd,7.0
pegasus-mpi-cluster,4c08a9583b5227b1,7.0
pegasus-mpi-cluster,4f9231187d16b513,7.0
pegasus-mpi-cluster,56733243a4cb5ed7,7.0
pegasus-mpi-cluster,5a6a54243d982fd8,7.0
pegasus-mpi-cluster,5c62b4f72cc4e9ee,7.0
pegasus-mpi-cluster,5d04306d6bdf2192,7.0
pegasus-mpi-cluster,5db1933c5947fb3f,7.0
pegasus-mpi-cluster,5f6c0f5353c3064c,7.0
pegasus-mpi-cluster,62121b03aec5749b,7.0
pegasus-mpi-cluster,622627d27869163d,7.0
pegasus-mpi-cluster,668532cdf5e3b920,7.0
pegasus-mpi-cluster,68bb584abab66e48,7.0
pegasus-mpi-cluster,69025fcea6322162,7.0
pegasus-mpi-cluster,69cb1d0362b5dee4,7.0
pegasus-mpi-cluster,69e2abf93b113c05,7.0
pegasus-mpi-cluster,6bd67b6f6dee4064,7.0
pegasus-mpi-cluster,6e6ad402c107a654,7.0
pegasus-mpi-cluster,6f943a7502dc8f7a,11.0
pegasus-mpi-cluster,7111759db368ac4a,6.0
pegasus-mpi-cluster,75d85a2b8fce00cf,7.0
pegasus-mpi-cluster,7617d087f1e88e3b,7.0
pegasus-mpi-cluster,775d04e9805741a5,7.0
pegasus-mpi-cluster,7851742e20a668c6,7.0
pegasus-mpi-cluster,78daf60d299b8c7e,7.0
pegasus-mpi-cluster,7e872fe51577e0a3,11.0
pegasus-mpi-cluster,7fe8324238f99f47,7.0
pegasus-mpi-cluster,80068026c532ab2f,7.0
pegasus-mpi-cluster,80c0da6e7e5d29ca,7.0
pegasus-mpi-cluster,8543a14d3f39e093,7.0
pegasus-mpi-cluster,8549cf99c020dd93,7.0
pegasus-mpi-cluster,875ef8c727d470d3,7.0
pegasus-mpi-cluster,88fb7a128f1fab42,7.0
pegasus-mpi-cluster,8cb263bc1e9a2ae7,7.0
pegasus-mpi-cluster,8d4aebb7e2987983,2.0
pegasus-mpi-cluster,8d69029ed8608726,7.0
pegasus-mpi-cluster,8d72e139faabd948,7.0
pegasus-mpi-cluster,8fdad083ae9b630e,7.0
pegasus-mpi-cluster,9039f7838d6d7b19,7.0
pegasus-mpi-cluster,9266aa1046c1aeef,7.0
pegasus-mpi-cluster,9293b6aac24b529e,7.0
pegasus-mpi-cluster,92b4190d469488f3,7.0
pegasus-mpi-cluster,93b941fb3cf5db5f,7.0
pegasus-mpi-cluster,94bcdf570e0f7b8d,7.0
pegasus-mpi-cluster,9bee8e63c61f01f2,7.0
pegasus-mpi-cluster,9c39f7feb7f7fc0f,7.0
pegasus-mpi-cluster,9e8e6238e224fdfb,7.0
pegasus-mpi-cluster,9eee2ebf05d6457e,7.0
pegasus-mpi-cluster,a067555e9120027a,7.0
pegasus-mpi-cluster,a37bde1662a0f089,7.0
pegasus-mpi-cluster,a53d447c031ec3e2,7.0
pegasus-mpi-cluster,a76eb798302964cd,2.0
pegasus-mpi-cluster,a7ac875f1735909f,7.0
pegasus-mpi-cluster,a8181946d29553d0,7.0
pegasus-mpi-cluster,a8664d9fd1280324,7.0
pegasus-mpi-cluster,a927e01317149052,7.0
pegasus-mpi-cluster,ace9948649898013,7.0
pegasus-mpi-cluster,af61a152343570d7,7.0
pegasus-mpi-cluster,b2bdede21e39ad46,7.0
pegasus-mpi-cluster,b4860f82767f15bb,7.0
pegasus-mpi-cluster,b6623ea6c09fc5dd,7.0
pegasus-mpi-cluster,b6bd15dcc697ce2d,7.0
pegasus-mpi-cluster,b7ad57af3c42756b,2.0
pegasus-mpi-cluster,b8d16ef421b92265,7.0
pegasus-mpi-cluster,b9f7a4dbcea95b8e,7.0
pegasus-mpi-cluster,ba3dd9d37144e7bd,7.0
pegasus-mpi-cluster,bb7a6f6f4b306140,4.0
pegasus-mpi-cluster,bc2f4c4a83e93646,40.0
pegasus-mpi-cluster,bc57c863462d93fb,7.0
pegasus-mpi-cluster,bcfe42ac476c9a8f,7.0
pegasus-mpi-cluster,c39d1d2de6a51ea8,7.0
pegasus-mpi-cluster,c6306861b56a4e1c,7.0
pegasus-mpi-cluster,c7afa62908102c4c,7.0
pegasus-mpi-cluster,c8c80e940fb22efc,20.0
pegasus-mpi-cluster,cd17043c63b632da,7.0
pegasus-mpi-cluster,cda5a94a6a7f445b,10.0
pegasus-mpi-cluster,cf2ad325fc05a9af,7.0
pegasus-mpi-cluster,cf51dc99bbea9560,11.0
pegasus-mpi-cluster,d060fd26f1b01e1e,7.0
pegasus-mpi-cluster,d11d849e7976a27a,7.0
pegasus-mpi-cluster,d1a8f66fc2c93b24,7.0
pegasus-mpi-cluster,d1fad570c7ebd030,7.0
pegasus-mpi-cluster,d2a4f39c65a2ed92,7.0
pegasus-mpi-cluster,d399a7712309f362,7.0
pegasus-mpi-cluster,d4bec6647bcd57c9,7.0
pegasus-mpi-cluster,d713480120c5c2da,7.0
pegasus-mpi-cluster,d79e2a9e7b83a350,7.0
pegasus-mpi-cluster,daaadcc813a1ccb9,7.0
pegasus-mpi-cluster,db7d3f378484e9b9,7.0
pegasus-mpi-cluster,dce59f39a1f74aba,7.0
pegasus-mpi-cluster,dfe81d8bbc8a161c,5.0
pegasus-mpi-cluster,e3240e0f52bfac2b,7.0
pegasus-mpi-cluster,e52a7b7853a5c36f,7.0
pegasus-mpi-cluster,e5305a022ab0d3ca,7.0
pegasus-mpi-cluster,e5f2792a109c9bdf,7.0
pegasus-mpi-cluster,e89ec7a7010d8f6b,97510.0
pegasus-mpi-cluster,ea3827cc1edd4046,7.0
pegasus-mpi-cluster,eb3ec9fb02a9b500,7.0
pegasus-mpi-cluster,ebc8358ac4b6b2d7,7.0
pegasus-mpi-cluster,ed998ffca8f6be16,7.0
pegasus-mpi-cluster,f1f88ff81e59e375,7.0
pegasus-mpi-cluster,f36928c3fef62e56,7.0
pegasus-mpi-cluster,f6f842c3e8f20227,7.0
pegasus-mpi-cluster,f7f87d28bf117dd1,7.0
pegasus-mpi-cluster,f9c9e2d85b47a0c0,7.0
pegasus-mpi-cluster,fc22f71c233d5b4d,7.0
pegasus-mpi-cluster,fc3ec2ad8dc77816,20.0
pegasus-mpi-cluster,ff107e97a52414d9,7.0
pegasus-mpi-cluster,0c571a2eaa772ba9,97510.0
pegasus-mpi-cluster,dfdacf9a4f8272cc,97510.0
pegasus-mpi-cluster,0bf39d477eefc81f,97510.0
pegasus-mpi-cluster,fc1c80d730b7695b,97510.0
pegasus-mpi-cluster,949b782560a3ecea,97510.0
pegasus-mpi-cluster,fd659a81fc823455,97510.0
pegasus-mpi-cluster,66cdf9569ee375c7,53939.0
pegasus-mpi-cluster,0c0d806d1e2327dd,97510.0
pegasus-mpi-cluster,5c79c0393b3acc34,97510.0
pegasus-mpi-cluster,d56c8d398bc76056,97510.0
pegasus-mpi-cluster,f37e0dca9c8206b5,97510.0
pegasus-mpi-cluster,3a198269ccf4c16e,97510.0
pegasus-mpi-cluster,d9adb47819a6951f,97510.0
pegasus-mpi-cluster,84b6a4dd4c356c1b,97510.0
pegasus-mpi-cluster,8e4c3076bb1486a0,97510.0
pegasus-mpi-cluster,059f4f461ce0cce4,97510.0
pegasus-mpi-cluster,a4578fb2d93f2047,97510.0
pegasus-mpi-cluster,4464f631debfd843,97510.0
pegasus-mpi-cluster,d918da9a61926dbe,97510.0
pegasus-mpi-cluster,07ec7bce796e79b1,97510.0
pegasus-mpi-cluster,ff03f9a1f8288a69,97510.0
pegasus-mpi-cluster,a19fcf39006b0a82,97510.0
pegasus-mpi-cluster,a4cbf74da5277ce2,97510.0
pegasus-mpi-cluster,2723b26aecd62f4f,97510.0
pegasus-mpi-cluster,e72dcb1fcccef89e,97510.0
pegasus-mpi-cluster,0d25787b581699c7,97510.0
pegasus-mpi-cluster,f6b95ca49c62a82f,97510.0
pegasus-mpi-cluster,850f177733956288,97510.0
pegasus-mpi-cluster,c249e87268325262,97510.0
pegasus-mpi-cluster,38f82f5aceaf565d,97510.0
pegasus-mpi-cluster,af739bcd05226946,97510.0
pegasus-mpi-cluster,00df339b9a31d0c3,4972.0
pegasus-mpi-cluster,0117279761734909,9575.0
pegasus-mpi-cluster,05efc4a1df7d2ce7,4949.0
pegasus-mpi-cluster,067987c9da7489d1,4980.0
pegasus-mpi-cluster,07d5c879eeb4c7cc,9572.0
pegasus-mpi-cluster,0da830130ed033fb,9576.0
pegasus-mpi-cluster,111db8acfa93b398,4934.0
pegasus-mpi-cluster,14bc19226b32289b,4479.0
pegasus-mpi-cluster,19ad419013245c09,4265.0
pegasus-mpi-cluster,1ea8e367775961be,4171.0
pegasus-mpi-cluster,218e6b929b6a280a,4942.0
pegasus-mpi-cluster,21bebda66ed66fd0,4474.0
pegasus-mpi-cluster,21f02480744a68d5,4815.0
pegasus-mpi-cluster,266bf3cea08abc44,9588.0
pegasus-mpi-cluster,3a0cd209e8b47a8f,9562.0
pegasus-mpi-cluster,3b5bfd789b3eda41,9585.0
pegasus-mpi-cluster,3c5202aa0b4b7933,4268.0
pegasus-mpi-cluster,414bf739210e4985,4964.0
pegasus-mpi-cluster,487dd5f581555d60,4925.0
pegasus-mpi-cluster,4a52437970e16412,4981.0
pegasus-mpi-cluster,4fd4264786682042,4820.0
pegasus-mpi-cluster,626eb5db352b6b5b,4964.0
pegasus-mpi-cluster,630596971fdb9a8b,4981.0
pegasus-mpi-cluster,631b7e80e553bedd,9595.0
pegasus-mpi-cluster,634e14c2a34df8bd,9567.0
pegasus-mpi-cluster,6d1bb257c0013ba8,4980.0
pegasus-mpi-cluster,73e78c61e1d054b6,4215.0
pegasus-mpi-cluster,741cdb702deb517a,4946.0
pegasus-mpi-cluster,7b5b3d48b302f9af,4215.0
pegasus-mpi-cluster,896564efbb50167f,4942.0
pegasus-mpi-cluster,8f6e828dcfb35d2e,4972.0
pegasus-mpi-cluster,92e92d2d2fa950ad,4952.0
pegasus-mpi-cluster,95f6a814ea495928,4268.0
pegasus-mpi-cluster,ac0d05fc5ab022cb,9557.0
pegasus-mpi-cluster,ae310528b1f36d16,4933.0
pegasus-mpi-cluster,b0c32df7723ddaf9,9569.0
pegasus-mpi-cluster,b8bb1334fa425e85,4172.0
pegasus-mpi-cluster,b9f6da35078d3fb3,9571.0
pegasus-mpi-cluster,bcb840eec626706c,4978.0
pegasus-mpi-cluster,bfa8f67e15cada95,4922.0
pegasus-mpi-cluster,c138e1b785cb9705,4938.0
pegasus-mpi-cluster,c1bcce156686f989,5626.0
pegasus-mpi-cluster,c7d95b39e1fe07ba,9578.0
pegasus-mpi-cluster,cd8b6fdc7a308a09,9582.0
pegasus-mpi-cluster,d3d9cea8beba765e,4963.0
pegasus-mpi-cluster,dcf7f10035435855,9576.0
pegasus-mpi-cluster,dd4e1b1c2a80dc1b,4945.0
pegasus-mpi-cluster,dd7728b5cb54ed77,4973.0
pegasus-mpi-cluster,de2aabac21c21b03,4214.0
pegasus-mpi-cluster,e2ad4b3921549260,9589.0
pegasus-mpi-cluster,e461c2cbbe91fa44,4817.0
pegasus-mpi-cluster,f006a51cb84f447b,4475.0
pegasus-mpi-cluster,f1a4669262507f89,9561.0
pegasus-mpi-cluster,f2188ddae1092d06,9566.0
pegasus-mpi-cluster,f2583758af62ab56,4963.0
pegasus-mpi-cluster,f5ae04ebdba46aee,4934.0
pegasus-mpi-cluster,fe27e1a8fd23dcd9,4171.0
pegasus-mpi-cluster,fe5034815289f543,9557.0
8e2bbf4642ad101f,pegasus-mpi-cluster,25.0
91f6ea50db390a38,pegasus-mpi-cluster,25.0
mFitplane,327cdf8cf67adadf,15773906.0
mFitplane,d2e8a0080bd0e7d1,15568082.0
mFitplane,089a6c75635321d8,15768002.0
mFitplane,d41e20c8c3d38e7b,15541586.0
mFitplane,31274d7efd671863,15837122.0
mFitplane,3e6dee487f83b0cd,4633922.0
mFitplane,32f904f7966fe890,4582082.0
mFitplane,0a05dfe33482f241,4628162.0
mFitplane,80c4dd06d813be41,4576322.0
mFitplane,bbda131ad3f1e7bf,15836738.0
mFitplane,05725be54b7e1f3b,4622402.0
mFitplane,a16eb7a92dbd7750,15836738.0
mFitplane,d764b43710dd04c7,15782402.0
mFitplane,b2846f4635075ea4,15741162.0
mFitplane,522d259efdda13da,15837122.0
mFitplane,0dd137089beba793,15575042.0
mFitplane,14f37454ac31a356,4633922.0
mFitplane,94ca91122636e2c3,15534722.0
327cdf8cf67adadf,mDiff,15776640.0
d2e8a0080bd0e7d1,mDiff,15569280.0
97439c66a6a0a895,pegasus-mpi-cluster,25.0
f77159e85de4744d,pegasus-mpi-cluster,25.0
4fd4264786682042,pegasus-mpi-cluster,248.0
21bebda66ed66fd0,pegasus-mpi-cluster,248.0
f5ae04ebdba46aee,pegasus-mpi-cluster,246.0
pegasus-kickstart,173eb8bdd88653a1,52536960.0
pegasus-kickstart,2c1fbfe756b2ec39,52536960.0
pegasus-kickstart,4c2c769ef854e4db,16.0
pegasus-kickstart,52ed5808ea0474a5,16.0
pegasus-kickstart,8563f0423f2d7faf,16.0
pegasus-kickstart,e30bbf2adc92ce07,16.0
pegasus-kickstart,4856c34f89f1864d,53009280.0
pegasus-kickstart,63a914c0844df73a,53009280.0
pegasus-kickstart,58a6c4f57e4a557c,16.0
pegasus-kickstart,ede7471017b4c485,16.0
pegasus-kickstart,f650e720d44c3e3b,16.0
pegasus-kickstart,84528a284b233cbf,1457.0
pegasus-kickstart,ad26151e5a22932a,16.0
pegasus-kickstart,f7a1848eb33f9923,16.0
pegasus-kickstart,622edc915f2560c6,6690716.0
pegasus-kickstart,9bf288baf38d8a50,16.0
pegasus-kickstart,afde210b325b4757,16.0
pegasus-kickstart,e34f1854f5972b7b,2594.0
pegasus-kickstart,dba829b874a5a738,16.0
pegasus-kickstart,dc151302b64111ef,16.0
pegasus-kickstart,d5dc118f9108d27b,289.0
pegasus-kickstart,0e38503117be6e3d,16.0
pegasus-kickstart,a3e5ad008cb6660d,16.0
pegasus-kickstart,b9c977dbe4254df2,276.0
pegasus-kickstart,9d6fa1e617187c4e,16.0
pegasus-kickstart,ce1d9bb30f3dba1f,16.0
pegasus-kickstart,a2a11439d185f5e1,276.0
pegasus-kickstart,18e675ffad0203ee,16.0
pegasus-kickstart,ad2ce54d334d1db8,2600.0
pegasus-kickstart,37f6f90d6247a8f5,16.0
pegasus-kickstart,2e80b7c19ef3e13e,53029440.0
pegasus-kickstart,e93f2953601be9e1,53029440.0
pegasus-kickstart,4c7ee38e371b25be,16.0
pegasus-kickstart,bdf7e98b1c88406d,16.0
pegasus-kickstart,3f6c682b703e4244,2606.0
pegasus-kickstart,2fadb16e1b389bcd,16.0
pegasus-kickstart,0f388a7e90fa2b1b,103682880.0
pegasus-kickstart,561d443cd47709df,103682880.0
pegasus-kickstart,7084853b53320bf9,16.0
pegasus-kickstart,72560d5db6759f41,16.0
pegasus-kickstart,f50024aabed3e6cc,16.0
pegasus-kickstart,9a1222ec47edbcc1,53049600.0
pegasus-kickstart,0594b01ae80dbc5e,16.0
pegasus-kickstart,f225c5b9ae6d8ee4,16.0
pegasus-kickstart,7c320e7e0270faa9,53049600.0
pegasus-kickstart,437bc3215caa33ab,103682880.0
pegasus-kickstart,93f886c200649738,103682880.0
pegasus-kickstart,7dc0a1bb70f694c4,16.0
pegasus-kickstart,923001a44d6f2892,16.0
pegasus-kickstart,74929d107efd32a6,283.0
pegasus-kickstart,9651723d2a68e238,16.0
pegasus-kickstart,5780756abf6ee1e2,53029440.0
pegasus-kickstart,769941d9a1b09025,53029440.0
pegasus-kickstart,014c8d80d109a079,16.0
pegasus-kickstart,20b37434e52576e2,16.0
pegasus-kickstart,29bc27923e911abb,289.0
pegasus-kickstart,7af798f1a7b68324,16.0
pegasus-kickstart,905da8023159869f,52513920.0
pegasus-kickstart,bf028eaee8ba36df,52513920.0
pegasus-kickstart,adb665fb37749890,16.0
pegasus-kickstart,e59c2bb1393500f1,16.0
pegasus-kickstart,d54910eb851eb134,294.0
pegasus-kickstart,0fc9689c2dfaa38e,16.0
pegasus-kickstart,3f125bac7e282188,292.0
pegasus-kickstart,791e7e482ade59d5,16.0
pegasus-kickstart,b1750584d437159b,52536960.0
pegasus-kickstart,d22911b68e552da3,52536960.0
pegasus-kickstart,49f58c0c8e6d5087,16.0
pegasus-kickstart,fb3df5771a422e6d,16.0
pegasus-kickstart,65bc4e8109f074d8,287.0
pegasus-kickstart,8b54a6aa3531967e,16.0
pegasus-kickstart,afee998cc23427a2,52536960.0
pegasus-kickstart,d2e7e08ba45d3f47,52536960.0
pegasus-kickstart,a048a04884ee44a4,16.0
pegasus-kickstart,f051e06a3f9dcf74,16.0
pegasus-kickstart,2dc50c7e910e20b4,52513920.0
pegasus-kickstart,4801c53d2bb3ab93,52513920.0
pegasus-kickstart,01f76cdd5126229b,16.0
pegasus-kickstart,de22b5ebf52d6125,16.0
pegasus-kickstart,3b13f630525ff07d,15963490.0
pegasus-kickstart,20b34064dc90412f,16.0
pegasus-kickstart,72a43a4a460d3b44,53173440.0
pegasus-kickstart,fe6b19beea1e6073,53173440.0
pegasus-kickstart,1b6606cfe1b231ea,16.0
pegasus-kickstart,eb63823cf4a64f0a,16.0
pegasus-kickstart,c25880e3cdf0b0f6,52536960.0
pegasus-kickstart,cfd9536272f620cf,52536960.0
pegasus-kickstart,4aa8ca3de32d9607,16.0
pegasus-kickstart,4d609dc7d9d12827,16.0
pegasus-kickstart,67a60390247b68bb,52557120.0
pegasus-kickstart,a77c25760d2754f5,52557120.0
pegasus-kickstart,4cbea8393307cacf,16.0
pegasus-kickstart,5367de8b236f4a8e,16.0
pegasus-kickstart,16ceb84b1bd29754,53213760.0
pegasus-kickstart,178cfb4a365339d2,53213760.0
pegasus-kickstart,82968ccdc109e3aa,16.0
pegasus-kickstart,e6f50b6a2e1b2ec0,16.0
pegasus-kickstart,ddb0b0015b2bc97c,289.0
pegasus-kickstart,043ad2517209cab0,16.0
pegasus-kickstart,6ebf42cf8fd3aff4,291.0
pegasus-kickstart,26dfaefe535db4c0,16.0
pegasus-kickstart,6f8396dc87cca3a8,53173440.0
pegasus-kickstart,df131bc4e4109912,53173440.0
pegasus-kickstart,b950e3fb3773033d,16.0
pegasus-kickstart,fa7293ffb607c158,16.0
pegasus-kickstart,5b335b7c4c613110,282.0
pegasus-kickstart,363f82cc040f3714,16.0
pegasus-kickstart,adf10c2d741b6057,284.0
pegasus-kickstart,0f9a17aab0923a3a,16.0
pegasus-kickstart,36b385a7f618ab3c,7320652.0
pegasus-kickstart,c0214eb4bbda2148,16.0
pegasus-kickstart,3c315586c945a1bb,53029440.0
pegasus-kickstart,cec34ee9557445e4,53029440.0
pegasus-kickstart,2e352c0f9ab94cbc,16.0
pegasus-kickstart,f9d549166b3a8585,16.0
pegasus-kickstart,1d39ea6352cd920b,291.0
pegasus-kickstart,b1d239c88f3de76e,16.0
pegasus-kickstart,0e936dffabec0f4d,53173440.0
pegasus-kickstart,4ec782b9e07de275,53173440.0
pegasus-kickstart,0a0bc51e195a333c,16.0
pegasus-kickstart,841a5c8f31d1c788,16.0
pegasus-kickstart,2136a88fb36c57e7,292.0
pegasus-kickstart,afecbaf82cf096d8,16.0
pegasus-kickstart,005865a6bbd0f8ae,53173440.0
pegasus-kickstart,551206bc8b2ba0e2,53173440.0
pegasus-kickstart,0d81ce33e53f1608,16.0
pegasus-kickstart,0f149983d108e1f1,16.0
pegasus-kickstart,149d8494b2422a36,52557120.0
pegasus-kickstart,df2faa9f08094a42,52557120.0
pegasus-kickstart,7818804e56179b5e,16.0
pegasus-kickstart,c877999332c397f4,16.0
pegasus-kickstart,177b6835238dd975,53009280.0
pegasus-kickstart,e1b9367fe02d951f,53009280.0
pegasus-kickstart,9657a2586f6000e3,16.0
pegasus-kickstart,e291529881652b84,16.0
pegasus-kickstart,bcd9809dec703d43,53173440.0
pegasus-kickstart,d56612202f0718da,53173440.0
pegasus-kickstart,1f7357db8b8e8322,16.0
pegasus-kickstart,b84ce67fe699e9f1,16.0
pegasus-kickstart,4542b41218ab0de1,289.0
pegasus-kickstart,981db80d1a1040b7,16.0
pegasus-kickstart,2fac5548ec30f2e5,103682880.0
pegasus-kickstart,4b6a4c3d43905c38,103682880.0
pegasus-kickstart,070a41dcce62714d,16.0
pegasus-kickstart,4790976f988f4194,16.0
pegasus-kickstart,3987868bfa66ad04,53029440.0
pegasus-kickstart,d7c8a0c03ec410c1,53029440.0
pegasus-kickstart,2d7f6b5856c063e8,16.0
pegasus-kickstart,9c20b603a88839ab,16.0
pegasus-kickstart,507baa14348f69a9,293.0
pegasus-kickstart,cafd7aa6ac139d17,16.0
pegasus-kickstart,d012bd1e01b84344,1457.0
pegasus-kickstart,9a4d8b8f9c356812,16.0
pegasus-kickstart,70b33df591f909e1,53049600.0
pegasus-kickstart,a1e7ed735262cd90,53049600.0
pegasus-kickstart,0bdf44a5706d32bd,16.0
pegasus-kickstart,c0a2cc16b995b8a0,16.0
pegasus-kickstart,797adc77b2d34bbc,53173440.0
pegasus-kickstart,ffb5f68a6a58ba0f,53173440.0
pegasus-kickstart,4dafaf83f33fc229,16.0
pegasus-kickstart,ed25703a09c304b0,16.0
pegasus-kickstart,5af3f5a1343f8ab5,53213760.0
pegasus-kickstart,fa3ce4e80e41d728,53213760.0
pegasus-kickstart,03bd3b31b8e81c2e,16.0
pegasus-kickstart,1e568f4f97e1cc88,16.0
pegasus-kickstart,bd431d915e9e9bd5,1457.0
pegasus-kickstart,780e014413d5acc0,16.0
pegasus-kickstart,0293647509049f25,281.0
pegasus-kickstart,6ee264bf35086847,16.0
pegasus-kickstart,d156ca1c98a2d1bd,281.0
pegasus-kickstart,011daae02278150f,16.0
pegasus-kickstart,76e4a487db8314f1,287.0
pegasus-kickstart,ae19fceb2bee1493,16.0
pegasus-kickstart,f96dc23ae3c3dbea,276.0
pegasus-kickstart,8f064a6ef14247ac,16.0
pegasus-kickstart,482588d06a72fd09,279.0
pegasus-kickstart,44a1e83fb8490523,16.0
pegasus-kickstart,91bf71418948d923,4616966.0
pegasus-kickstart,4e6579ccd4d6a66c,16.0
8563f0423f2d7faf,mBackground,52536960.0
e30bbf2adc92ce07,mBackground,52536960.0
21f268e77f233993,pegasus-mpi-cluster,25.0
a58f08685e2443e8,pegasus-mpi-cluster,25.0
630596971fdb9a8b,pegasus-mpi-cluster,248.0
58a6c4f57e4a557c,mProject,53009280.0
f650e720d44c3e3b,mProject,53009280.0
2fadb16e1b389bcd,mImgtbl,515.0
mImgtbl,0007b4a3ae4032f2,2882.0
mImgtbl,48db2f4266cc4f2e,2882.0
mImgtbl,798af70c058436fd,2882.0
mImgtbl,f767cd760ebfd222,2882.0
mImgtbl,5be9c0bba5cca258,2882.0
mImgtbl,5dc16bdf41ba2940,2882.0
mImgtbl,6ef01507efd6a49e,2882.0
mImgtbl,dced2b24768ce97f,2882.0
mImgtbl,130f07bfdc86841c,2882.0
mImgtbl,8fd6ffea7ee55205,2882.0
mImgtbl,90e2e93d80687e0f,2882.0
mImgtbl,d58e10e0d49c3acb,2882.0
6d32918d457c93a0,mImgtbl,7.0
mViewer,7084853b53320bf9,311045764.0
mViewer,070a41dcce62714d,311045764.0
mViewer,7dc0a1bb70f694c4,311045764.0
7084853b53320bf9,mAdd,103682880.0
afde210b325b4757,mViewer,6690716.0
f7a1848eb33f9923,mConcatFit,209.0
dd7728b5cb54ed77,pegasus-mpi-cluster,248.0
634e14c2a34df8bd,pegasus-mpi-cluster,248.0
07d5c879eeb4c7cc,pegasus-mpi-cluster,248.0
089a6c75635321d8,mDiff,15768000.0
dc151302b64111ef,mImgtbl,515.0
d41e20c8c3d38e7b,mDiff,15543360.0
7b5b3d48b302f9af,pegasus-mpi-cluster,248.0
92e92d2d2fa950ad,pegasus-mpi-cluster,247.0
dd4e1b1c2a80dc1b,pegasus-mpi-cluster,246.0
mDiff,4cbea8393307cacf,52557516.0
mDiff,5367de8b236f4a8e,52557516.0
mDiff,7631f6a91053d0ab,2880.0
mDiff,80c4dd06d813be41,2880.0
mDiff,a048a04884ee44a4,52537012.0
mDiff,f051e06a3f9dcf74,52537012.0
mDiff,f0b4dc76dd383a82,279.0
mDiff,01f76cdd5126229b,52516516.0
mDiff,0b27bbee5e7552bd,2880.0
mDiff,32f904f7966fe890,2880.0
mDiff,4aa8ca3de32d9607,52537012.0
mDiff,4d609dc7d9d12827,52537012.0
mDiff,de22b5ebf52d6125,52516516.0
mDiff,03bd3b31b8e81c2e,53215692.0
mDiff,0a0bc51e195a333c,53174436.0
mDiff,1e568f4f97e1cc88,53215692.0
mDiff,3e6dee487f83b0cd,2880.0
mDiff,841a5c8f31d1c788,53174436.0
mDiff,99a321b271ad4faa,2880.0
mDiff,092dd7229967fe3c,2880.0
mDiff,1b6606cfe1b231ea,53174436.0
mDiff,31274d7efd671863,2880.0
mDiff,eb63823cf4a64f0a,53174436.0
mDiff,0dd137089beba793,2880.0
mDiff,3bef879e155262c3,2880.0
mDiff,014c8d80d109a079,53030164.0
mDiff,0594b01ae80dbc5e,53050764.0
mDiff,20b37434e52576e2,53030164.0
mDiff,f225c5b9ae6d8ee4,53050764.0
mDiff,2e352c0f9ab94cbc,53030164.0
mDiff,58a6c4f57e4a557c,53009572.0
mDiff,f650e720d44c3e3b,53009572.0
mDiff,f9d549166b3a8585,53030164.0
mDiff,75974918f6c2bdc4,2880.0
mDiff,94ca91122636e2c3,2880.0
mDiff,0d81ce33e53f1608,53174436.0
mDiff,0f149983d108e1f1,53174436.0
mDiff,14f37454ac31a356,2880.0
mDiff,292e0e0a16f3ea3c,2880.0
mDiff,522d259efdda13da,2880.0
mDiff,d358e25f2e058f9d,2880.0
mDiff,05725be54b7e1f3b,2880.0
mDiff,2ef5578d92cb8095,2880.0
mDiff,3991b1a924ec82e3,2880.0
mDiff,a16eb7a92dbd7750,2880.0
mDiff,d764b43710dd04c7,2880.0
mDiff,f12026e1f5834a80,2880.0
mDiff,089a6c75635321d8,2880.0
mDiff,165d76f4b6d5f6c2,2880.0
mDiff,a00d04493ed6cc0e,2880.0
mDiff,bbda131ad3f1e7bf,2880.0
mDiff,91ce2b6c8429b86c,2880.0
mDiff,d2e8a0080bd0e7d1,2880.0
mDiff,0a05dfe33482f241,2880.0
mDiff,de14e2f72a22f731,2880.0
4cbea8393307cacf,mProject,52557120.0
5367de8b236f4a8e,mProject,52557120.0
7631f6a91053d0ab,mDiff,4576320.0
80c4dd06d813be41,mDiff,4576320.0
a048a04884ee44a4,mProject,52536960.0
f051e06a3f9dcf74,mProject,52536960.0
dcf7f10035435855,pegasus-mpi-cluster,248.0
21f02480744a68d5,pegasus-mpi-cluster,248.0
9d6fa1e617187c4e,mBgModel,56.0
31274d7efd671863,mDiff,15837120.0
18e675ffad0203ee,mBgModel,56.0
3d0cae9ad2a92a2e,pegasus-mpi-cluster,25.0
51c90691cdb7aedd,pegasus-mpi-cluster,25.0
075df37366614217,pegasus-mpi-cluster,25.0
330a030dfe61cb1f,pegasus-mpi-cluster,25.0
95f6a814ea495928,pegasus-mpi-cluster,248.0
37f6f90d6247a8f5,mImgtbl,515.0
4c7ee38e371b25be,mBackground,53029440.0
bdf7e98b1c88406d,mBackground,53029440.0
507f2582eb220043,pegasus-mpi-cluster,25.0
b0a739148af3b9ac,pegasus-mpi-cluster,25.0
741cdb702deb517a,pegasus-mpi-cluster,246.0
mBackground,a048a04884ee44a4,52537012.0
mBackground,f051e06a3f9dcf74,52537012.0
mBackground,2e352c0f9ab94cbc,53030164.0
mBackground,f9d549166b3a8585,53030164.0
mBackground,4cbea8393307cacf,52557516.0
mBackground,5367de8b236f4a8e,52557516.0
mBackground,0a0bc51e195a333c,53174436.0
mBackground,841a5c8f31d1c788,53174436.0
mBackground,0d81ce33e53f1608,53174436.0
mBackground,0f149983d108e1f1,53174436.0
mBackground,0594b01ae80dbc5e,53050764.0
mBackground,f225c5b9ae6d8ee4,53050764.0
mBackground,1b6606cfe1b231ea,53174436.0
mBackground,eb63823cf4a64f0a,53174436.0
mBackground,4aa8ca3de32d9607,52537012.0
mBackground,4d609dc7d9d12827,52537012.0
mBackground,03bd3b31b8e81c2e,53215692.0
mBackground,1e568f4f97e1cc88,53215692.0
mBackground,01f76cdd5126229b,52516516.0
mBackground,adb665fb37749890,2880.0
mBackground,de22b5ebf52d6125,52516516.0
mBackground,e59c2bb1393500f1,2880.0
mBackground,014c8d80d109a079,53030164.0
mBackground,20b37434e52576e2,53030164.0
mBackground,58a6c4f57e4a557c,53009572.0
mBackground,9657a2586f6000e3,2880.0
mBackground,e291529881652b84,2880.0
mBackground,f650e720d44c3e3b,53009572.0
49f58c0c8e6d5087,mBackground,52536960.0
fb3df5771a422e6d,mBackground,52536960.0
8f6e828dcfb35d2e,pegasus-mpi-cluster,248.0
b8bb1334fa425e85,pegasus-mpi-cluster,248.0
f50024aabed3e6cc,mAdd,103682880.0
0594b01ae80dbc5e,mProject,53049600.0
f225c5b9ae6d8ee4,mProject,53049600.0
7dc0a1bb70f694c4,mAdd,103682880.0
923001a44d6f2892,mAdd,103682880.0
218e6b929b6a280a,pegasus-mpi-cluster,247.0
780e014413d5acc0,mConcatFit,209.0
014c8d80d109a079,mProject,53029440.0
20b37434e52576e2,mProject,53029440.0
3e6dee487f83b0cd,mDiff,4633920.0
adb665fb37749890,mBackground,52513920.0
e59c2bb1393500f1,mBackground,52513920.0
01f76cdd5126229b,mProject,52513920.0
0b27bbee5e7552bd,mDiff,4582080.0
32f904f7966fe890,mDiff,4582080.0
4aa8ca3de32d9607,mProject,52536960.0
4d609dc7d9d12827,mProject,52536960.0
de22b5ebf52d6125,mProject,52513920.0
73e78c61e1d054b6,pegasus-mpi-cluster,248.0
0a05dfe33482f241,mDiff,4628160.0
219490445d9b1410,pegasus-mpi-cluster,25.0
6c18a97aed91fb87,pegasus-mpi-cluster,25.0
cd8b6fdc7a308a09,pegasus-mpi-cluster,248.0
3b5bfd789b3eda41,pegasus-mpi-cluster,248.0
03bd3b31b8e81c2e,mProject,53213760.0
0a0bc51e195a333c,mProject,53173440.0
1e568f4f97e1cc88,mProject,53213760.0
841a5c8f31d1c788,mProject,53173440.0
99a321b271ad4faa,mDiff,4633920.0
mProject,ed4d16243f9b94d3,13247520.0
mProject,f0b4dc76dd383a82,279.0
mProject,d3768523a0facc7b,13477498.0
mProject,01f76cdd5126229b,2880.0
mProject,6b45da9428b355d7,13241380.0
mProject,de22b5ebf52d6125,2880.0
mProject,99c67cb0cb43e2bb,14531720.0
mProject,168b830bfaa30ce2,17827252.0
mProject,06f44a110f526fc6,14487856.0
mProject,70df09f642c7285f,18207788.0
mProject,a88658309d12aa64,14445684.0
mProject,069f6f88ab89ac5b,18273310.0
mProject,bd402ef6c7946f27,18021136.0
mProject,2a26a92e20f94e29,13386246.0
mProject,58a6c4f57e4a557c,2880.0
mProject,7885125adae28ccf,14311640.0
mProject,f650e720d44c3e3b,2880.0
092dd7229967fe3c,mDiff,15837120.0
1b6606cfe1b231ea,mProject,53173440.0
eb63823cf4a64f0a,mProject,53173440.0
93627b165bcf6b91,pegasus-mpi-cluster,25.0
f8a9f3e55184f9bd,pegasus-mpi-cluster,25.0
d3d9cea8beba765e,pegasus-mpi-cluster,248.0
2e352c0f9ab94cbc,mProject,53029440.0
f9d549166b3a8585,mProject,53029440.0
20b34064dc90412f,mViewer,15963490.0
0da830130ed033fb,pegasus-mpi-cluster,248.0
b9f6da35078d3fb3,pegasus-mpi-cluster,248.0
0dd137089beba793,mDiff,15575040.0
3bef879e155262c3,mDiff,15575040.0
414bf739210e4985,pegasus-mpi-cluster,248.0
f2188ddae1092d06,pegasus-mpi-cluster,248.0
05efc4a1df7d2ce7,pegasus-mpi-cluster,247.0
mAdd,070a41dcce62714d,2880.0
mAdd,071618ae7715d8dd,53006690.0
mAdd,20f4a2bcf8a88277,34095882.0
mAdd,4790976f988f4194,2880.0
mAdd,5be9c0bba5cca258,34095882.0
mAdd,5dc16bdf41ba2940,34116482.0
mAdd,628bd2a6390725b5,53027282.0
mAdd,6ef01507efd6a49e,53027282.0
mAdd,7f0d3cda7d9e7e50,34116482.0
mAdd,dced2b24768ce97f,53006690.0
mAdd,f8e287adab734762,279.0
mAdd,130f07bfdc86841c,52554634.0
mAdd,3ef433d0842a9668,33834482.0
mAdd,64f18074a12c3c56,33834482.0
mAdd,7084853b53320bf9,2880.0
mAdd,8fd6ffea7ee55205,33834482.0
mAdd,90e2e93d80687e0f,52513634.0
mAdd,b1af71b8b2702556,52513634.0
mAdd,d58e10e0d49c3acb,33834482.0
mAdd,decda2df349409a5,52554634.0
mAdd,f50024aabed3e6cc,2880.0
mAdd,0007b4a3ae4032f2,34176850.0
mAdd,48db2f4266cc4f2e,34210738.0
mAdd,5a34a0c3461c1a4e,53171554.0
mAdd,781c9089bb0d333a,34176850.0
mAdd,798af70c058436fd,53171554.0
mAdd,7dc0a1bb70f694c4,2880.0
mAdd,923001a44d6f2892,2880.0
mAdd,bb6cd7bb1683f91a,53171554.0
mAdd,d76c673b8bbd49e7,34210738.0
mAdd,f767cd760ebfd222,53171554.0
070a41dcce62714d,mAdd,103682880.0
4790976f988f4194,mAdd,103682880.0
82968ccdc109e3aa,mBackground,53213760.0
e6f50b6a2e1b2ec0,mBackground,53213760.0
e2ad4b3921549260,pegasus-mpi-cluster,248.0
626eb5db352b6b5b,pegasus-mpi-cluster,248.0
bbda131ad3f1e7bf,mDiff,15837120.0
487dd5f581555d60,pegasus-mpi-cluster,246.0
631b7e80e553bedd,pegasus-mpi-cluster,248.0
7549a9e360cffed0,mDiff,15776640.0
c1bcce156686f989,pegasus-mpi-cluster,246.0
b950e3fb3773033d,mBackground,53173440.0
fa7293ffb607c158,mBackground,53173440.0
05725be54b7e1f3b,mDiff,4622400.0
14181621ebba900e,mDiff,15742080.0
b2846f4635075ea4,mDiff,15742080.0
bfa8f67e15cada95,pegasus-mpi-cluster,248.0
0117279761734909,pegasus-mpi-cluster,248.0
a16eb7a92dbd7750,mDiff,15837120.0
75974918f6c2bdc4,mDiff,15534720.0
94ca91122636e2c3,mDiff,15534720.0
7818804e56179b5e,mBackground,52557120.0
c877999332c397f4,mBackground,52557120.0
097357c373944dba,pegasus-mpi-cluster,25.0
f7872ca0cf66a6b5,pegasus-mpi-cluster,25.0
4dafaf83f33fc229,mBackground,53173440.0
ed25703a09c304b0,mBackground,53173440.0
3a0cd209e8b47a8f,pegasus-mpi-cluster,248.0
flux-job,7fb9c29158aca5a9,4.0
067987c9da7489d1,pegasus-mpi-cluster,248.0
de2aabac21c21b03,pegasus-mpi-cluster,248.0
266bf3cea08abc44,pegasus-mpi-cluster,248.0
0d81ce33e53f1608,mProject,53173440.0
0f149983d108e1f1,mProject,53173440.0
14f37454ac31a356,mDiff,4633920.0
292e0e0a16f3ea3c,mDiff,4633920.0
ac0d05fc5ab022cb,pegasus-mpi-cluster,248.0
c0214eb4bbda2148,mViewer,7320652.0
fe5034815289f543,pegasus-mpi-cluster,248.0
c138e1b785cb9705,pegasus-mpi-cluster,247.0
62139bebb085f79b,pegasus-mpi-cluster,25.0
f55de0fd21288c09,pegasus-mpi-cluster,25.0
4e6579ccd4d6a66c,mViewer,4616966.0
c7d95b39e1fe07ba,pegasus-mpi-cluster,248.0
8f064a6ef14247ac,mBgModel,56.0
0bdf44a5706d32bd,mBackground,53049600.0
c0a2cc16b995b8a0,mBackground,53049600.0
d764b43710dd04c7,mDiff,15782400.0
522d259efdda13da,mDiff,15837120.0
d358e25f2e058f9d,mDiff,15837120.0
1ea8e367775961be,pegasus-mpi-cluster,248.0
1f7357db8b8e8322,mBackground,53173440.0
b84ce67fe699e9f1,mBackground,53173440.0
9e5e74490c1f88b3,pegasus-mpi-cluster,25.0
cef21d89f6a49eac,pegasus-mpi-cluster,25.0
9657a2586f6000e3,mBackground,53009280.0
e291529881652b84,mBackground,53009280.0
2ef5578d92cb8095,mDiff,4622400.0
896564efbb50167f,pegasus-mpi-cluster,247.0
9a4d8b8f9c356812,mConcatFit,209.0
931e808f1826cd33,mImgtbl,7.0
bcb840eec626706c,pegasus-mpi-cluster,248.0
19ad419013245c09,pegasus-mpi-cluster,248.0
e461c2cbbe91fa44,pegasus-mpi-cluster,248.0
3991b1a924ec82e3,mDiff,15837120.0
ae310528b1f36d16,pegasus-mpi-cluster,246.0
5a649a31085156b0,pegasus-mpi-cluster,25.0
e1e0e6285e875211,pegasus-mpi-cluster,25.0
f006a51cb84f447b,pegasus-mpi-cluster,248.0
2d7f6b5856c063e8,mBackground,53029440.0
9c20b603a88839ab,mBackground,53029440.0
6d1bb257c0013ba8,pegasus-mpi-cluster,248.0
111db8acfa93b398,pegasus-mpi-cluster,247.0
f12026e1f5834a80,mDiff,15782400.0
35ba27c3202632ba,pegasus-mpi-cluster,25.0
ab02e68eeeeafaa4,pegasus-mpi-cluster,25.0
00df339b9a31d0c3,pegasus-mpi-cluster,248.0
14bc19226b32289b,pegasus-mpi-cluster,248.0
b0c32df7723ddaf9,pegasus-mpi-cluster,248.0
3c5202aa0b4b7933,pegasus-mpi-cluster,248.0
fe27e1a8fd23dcd9,pegasus-mpi-cluster,248.0
165d76f4b6d5f6c2,mDiff,15768000.0
4a52437970e16412,pegasus-mpi-cluster,248.0
a7760379076814a7,mDiff,15543360.0
a00d04493ed6cc0e,mDiff,15837120.0
684cb791d4c99d76,pegasus-mpi-cluster,25.0
9361d8df3a56f986,pegasus-mpi-cluster,25.0
f1a4669262507f89,pegasus-mpi-cluster,248.0
f2583758af62ab56,pegasus-mpi-cluster,248.0
0191c857bd29337d,pegasus-mpi-cluster,25.0
fda068867fc11f62,pegasus-mpi-cluster,25.0
03ac6bec11a15f6d,mImgtbl,7.0
45ec49c3b93783c5,pegasus-mpi-cluster,25.0
dfe85a4c96fbb77b,pegasus-mpi-cluster,25.0
91ce2b6c8429b86c,mDiff,15569280.0
de14e2f72a22f731,mDiff,4628160.0
