,mount_point,b_id,start_time,end_time,dur,size,count,ts,te
0,/collab/usr/gapps,33169,47792678,47793653,14,25634,6,47.792678,47.793653
1,/collab/usr/gapps,87410,37510438,37545153,35813,4976768,256,37.510438,37.545153
2,/collab/usr/gapps,179173,44895298,47633999,287751,19661278,4602,44.895298,47.633999
3,/dev,49,34881672,34881736,42,64,8,34.881672,34.881736
4,/dev,23803,6241169,6355374,640,8376,184,6.241169,6.355374
5,/dev,27345,4613404,4629306,288,2424,64,4.613404,4.629306
6,/dev,30849,34883766,34883812,34,64,8,34.883766,34.883812
7,/dev,50144,4594468,4620330,306,2424,64,4.594468,4.62033
8,/dev,57076,34881842,34881884,52,64,8,34.881842,34.881884
9,/dev,70371,34880201,34880254,37,64,8,34.880201,34.880254
10,/dev,75018,34884528,34884586,62,64,8,34.884528,34.884586
11,/dev,76456,34880764,34880842,51,64,8,34.880764,34.880842
12,/dev,79301,6351577,6414216,712,8376,184,6.351577,6.414216
13,/dev,83907,4599453,4610645,291,2424,64,4.599453,4.610645
14,/dev,86480,6302302,6376899,662,8376,184,6.302302,6.376899
15,/dev,110240,6209450,6330505,687,8376,184,6.20945,6.330505
16,/dev,128513,4596435,4618102,268,2424,64,4.596435,4.618102
17,/dev,128648,6187564,6291601,647,8376,184,6.187564,6.291601
18,/dev,139436,4617096,4638976,257,2424,64,4.617096,4.638976
19,/dev,142732,34882867,34882931,39,64,8,34.882867,34.882931
20,/dev,143353,4597349,4604087,308,2424,64,4.597349,4.604087
21,/dev,145897,6343291,6401415,741,8376,184,6.343291,6.401415
22,/dev,155788,34880631,34880689,39,64,8,34.880631,34.880689
23,/dev,162893,34884231,34884270,37,64,8,34.884231,34.88427
24,/dev,172131,6309221,6374942,663,8376,184,6.309221,6.374942
25,/dev,181684,4602700,4630240,265,2424,64,4.6027,4.63024
26,/dev,185057,4614310,4629427,291,2424,64,4.61431,4.629427
27,/dev,214003,34882974,34883079,38,64,8,34.882974,34.883079
28,/dev,221620,6316137,6381898,682,8376,184,6.316137,6.381898
29,/dev,224343,6139340,6223851,633,8376,184,6.13934,6.223851
30,/dev,243264,4614842,4632235,287,2424,64,4.614842,4.632235
31,/dev,245450,4596814,4614859,261,2424,64,4.596814,4.614859
32,/dev,247666,6301600,6377627,618,8376,184,6.3016,6.377627
33,/dev,248140,6221919,6279409,709,8376,184,6.221919,6.279409
34,/dev,298238,34882188,34882239,34,64,8,34.882188,34.882239
35,/dev,300319,34884379,34884436,39,64,8,34.884379,34.884436
36,/dev,309860,4608201,4624763,301,2424,64,4.608201,4.624763
37,/dev,322613,4614662,4638599,280,2424,64,4.614662,4.638599
38,/dev,333723,4597199,4620627,298,2424,64,4.597199,4.620627
39,/dev,333858,6239179,6308155,661,8376,184,6.239179,6.308155
40,/dev,336094,4621685,4643868,269,2424,64,4.621685,4.643868
41,/dev,356325,34883772,34883827,35,64,8,34.883772,34.883827
42,/dev,357647,6248390,6329135,600,8376,184,6.24839,6.329135
43,/dev,381919,4615997,4642475,291,2424,64,4.615997,4.642475
44,/dev,382054,6341748,6401938,739,8376,184,6.341748,6.401938
45,/dev,382842,34881606,34881652,35,64,8,34.881606,34.881652
46,/dev,384620,4614251,4631359,293,2424,64,4.614251,4.631359
47,/dev,386511,34882237,34882314,34,64,8,34.882237,34.882314
48,/dev,404653,34883277,34883340,35,64,8,34.883277,34.88334
49,/dev,407503,6141325,6227901,676,8376,184,6.141325,6.227901
50,/dev,434049,6258264,6317502,786,8376,184,6.258264,6.317502
51,/g/g92,35906,26066265,26068963,592,15360,256,26.066265,26.068963
52,/g/g92,111500,21374772,21378100,38444,15360,256,21.374772,21.3781
53,/proc,1421,6020445,6096455,40,32,16,6.020445,6.096455
54,/proc,12981,48536921,48544757,383,34176,48,48.536921,48.544757
55,/proc,23705,5953447,6075173,40,32,16,5.953447,6.075173
56,/proc,32201,37856927,37970807,56760,2407366,896,37.856927,37.970807
57,/proc,39753,43918941,43979690,177,11709,18,43.918941,43.97969
58,/proc,42167,37857660,37971945,57320,2407366,896,37.85766,37.971945
59,/proc,43358,37857251,37968975,56811,2407366,896,37.857251,37.968975
60,/proc,44034,1966807,2004393,6288,391752,32,1.966807,2.004393
61,/proc,44768,48536936,48544632,395,34176,48,48.536936,48.544632
62,/proc,45701,47882696,47946817,179,11392,16,47.882696,47.946817
63,/proc,45708,44561592,44637841,22354,1185328,776,44.561592,44.637841
64,/proc,45770,37858322,37970666,56796,2407398,896,37.858322,37.970666
65,/proc,54418,7059684,7062312,412,19844,64,7.059684,7.062312
66,/proc,57116,7035540,7037935,444,19829,64,7.03554,7.037935
67,/proc,66950,44673346,44780886,22336,1185328,776,44.673346,44.780886
68,/proc,69477,1979284,2005061,6382,395160,32,1.979284,2.005061
69,/proc,71780,48536915,48544615,371,34176,48,48.536915,48.544615
70,/proc,72254,48536926,48544639,369,34200,48,48.536926,48.544639
71,/proc,85057,37857120,37970892,56992,2407366,896,37.85712,37.970892
72,/proc,86336,37859626,37966890,56750,2407366,896,37.859626,37.96689
73,/proc,87979,48536931,48544627,362,34176,48,48.536931,48.544627
74,/proc,88129,43978342,43978616,159,11392,16,43.978342,43.978616
75,/proc,89877,44590564,44691142,22525,1185328,776,44.590564,44.691142
76,/proc,96028,1967609,2004951,6279,394944,32,1.967609,2.004951
77,/proc,100330,7056313,7058642,421,19839,64,7.056313,7.058642
78,/proc,100416,1980839,2004522,6120,398472,32,1.980839,2.004522
79,/proc,103037,6039466,6097425,39,32,16,6.039466,6.097425
80,/proc,110142,5925949,6045616,44,32,16,5.925949,6.045616
81,/proc,110800,7049997,7052157,420,19824,64,7.049997,7.052157
82,/proc,116860,48536932,48544643,381,34176,48,48.536932,48.544643
83,/proc,120527,37852800,37968216,57574,2407366,896,37.8528,37.968216
84,/proc,124119,48536921,48544625,382,34176,48,48.536921,48.544625
85,/proc,128550,5890271,6023535,42,32,16,5.890271,6.023535
86,/proc,132230,5851071,5945306,40,32,16,5.851071,5.945306
87,/proc,136073,1979445,2004994,6320,402600,32,1.979445,2.004994
88,/proc,140572,37854317,37968532,56833,2407419,896,37.854317,37.968532
89,/proc,145799,6046844,6124253,48,32,16,6.046844,6.124253
90,/proc,147894,43977893,43978179,158,11392,16,43.977893,43.978179
91,/proc,151748,48536926,48544617,391,34176,48,48.536926,48.544617
92,/proc,152037,43977561,43977895,161,11392,16,43.977561,43.977895
93,/proc,169094,7057833,7060159,451,19829,64,7.057833,7.060159
94,/proc,170647,44502979,44610520,22331,1185328,776,44.502979,44.61052
95,/proc,170789,37848675,37983926,59720,2555216,991,37.848675,37.983926
96,/proc,172033,6012178,6092900,49,32,16,6.012178,6.0929
97,/proc,172691,7026668,7029208,435,20085,64,7.026668,7.029208
98,/proc,173362,44669801,44710366,22847,1185328,776,44.669801,44.710366
99,/proc,175820,43979169,43979369,167,11392,16,43.979169,43.979369
100,/proc,179790,48536923,48544648,395,34176,48,48.536923,48.544648
101,/proc,180501,48536930,48544630,386,34176,48,48.53693,48.54463
102,/proc,181755,48536914,48544622,363,34176,48,48.536914,48.544622
103,/proc,192138,7058227,7060629,426,19839,64,7.058227,7.060629
104,/proc,192849,6995053,6997410,448,20090,64,6.995053,6.99741
105,/proc,192974,43978811,43979276,153,11392,16,43.978811,43.979276
106,/proc,194106,7072209,7074535,421,19824,64,7.072209,7.074535
107,/proc,196654,43977826,43978222,160,11392,16,43.977826,43.978222
108,/proc,198145,47890705,47970554,176,11392,16,47.890705,47.970554
109,/proc,200233,43979305,43979551,157,11392,16,43.979305,43.979551
110,/proc,202580,47890603,47970585,169,11392,16,47.890603,47.970585
111,/proc,204553,1975552,2005105,6454,392640,32,1.975552,2.005105
112,/proc,205149,47890696,47970523,165,11392,16,47.890696,47.970523
113,/proc,208188,47894118,47972136,187,11392,16,47.894118,47.972136
114,/proc,212546,47897808,47965413,178,11392,16,47.897808,47.965413
115,/proc,213097,47883631,47979637,175,11392,16,47.883631,47.979637
116,/proc,213409,44493265,44546766,22515,1185328,776,44.493265,44.546766
117,/proc,216149,47883564,47965394,176,11392,16,47.883564,47.965394
118,/proc,221522,6021466,6105471,38,32,16,6.021466,6.105471
119,/proc,224245,5839832,5947269,51,32,16,5.839832,5.947269
120,/proc,225321,37859664,37971455,58020,2407366,896,37.859664,37.971455
121,/proc,225676,43980206,43980423,160,11392,16,43.980206,43.980423
122,/proc,227507,37857410,37970792,57092,2407366,896,37.85741,37.970792
123,/proc,228911,48536912,48544618,379,34200,48,48.536912,48.544618
124,/proc,230417,43979624,43979839,159,11400,16,43.979624,43.979839
125,/proc,235761,1978890,2004699,6400,391968,32,1.97889,2.004699
126,/proc,236102,37860345,37969355,57298,2407398,896,37.860345,37.969355
127,/proc,238316,1982373,2005150,6140,407832,32,1.982373,2.00515
128,/proc,239643,44553283,44650251,22534,1185328,776,44.553283,44.650251
129,/proc,241985,1970263,2004815,6258,406464,32,1.970263,2.004815
130,/proc,245790,37856834,37971562,56789,2407366,896,37.856834,37.971562
131,/proc,249518,43978532,43978791,156,11392,16,43.978532,43.978791
132,/proc,250490,6010231,6097611,41,32,16,6.010231,6.097611
133,/proc,251711,5956612,6036214,43,32,16,5.956612,6.036214
134,/proc,253193,43979453,43979787,161,11392,16,43.979453,43.979787
135,/proc,256260,37850960,37969975,57706,2407422,896,37.85096,37.969975
136,/proc,259801,44539252,44649768,22871,1185328,776,44.539252,44.649768
137,/proc,264431,7057799,7060204,421,19834,64,7.057799,7.060204
138,/proc,269850,5937039,6008255,41,32,16,5.937039,6.008255
139,/proc,270508,7018869,7021195,432,20085,64,7.018869,7.021195
140,/proc,288669,43980453,43980597,167,11392,16,43.980453,43.980597
141,/proc,289132,44459434,44547005,19519,1037162,679,44.459434,44.547005
142,/proc,304232,6961717,6964048,438,19829,64,6.961717,6.964048
143,/proc,309911,43979656,43979961,156,11392,16,43.979656,43.979961
144,/proc,310911,44535596,44633392,22485,1185328,776,44.535596,44.633392
145,/proc,312924,1971551,2005001,6250,404112,32,1.971551,2.005001
146,/proc,315178,44613764,44680281,22125,1185328,776,44.613764,44.680281
147,/proc,319891,1973096,2004874,6252,390744,32,1.973096,2.004874
148,/proc,330091,5902700,5968833,42,32,16,5.9027,5.968833
149,/proc,331217,37858199,37969336,57947,2407366,896,37.858199,37.969336
150,/proc,334274,43977849,43978303,168,11400,16,43.977849,43.978303
151,/proc,339471,1966171,2004770,6300,391656,32,1.966171,2.00477
152,/proc,343141,1980174,2004627,6478,403872,32,1.980174,2.004627
153,/proc,351124,6989036,6991397,433,19834,64,6.989036,6.991397
154,/proc,363938,44512860,44607174,22632,1185328,776,44.51286,44.607174
155,/proc,364972,1971616,2005015,6263,397656,32,1.971616,2.005015
156,/proc,371912,43978825,43979233,162,11392,16,43.978825,43.979233
157,/proc,375098,44547186,44644650,22374,1185328,776,44.547186,44.64465
158,/proc,375897,1972704,2004905,6313,402384,32,1.972704,2.004905
159,/proc,390260,44670243,44692587,22352,1185326,776,44.670243,44.692587
160,/proc,395712,48536933,48544631,391,34176,48,48.536933,48.544631
161,/proc,400154,44506141,44603076,22616,1185328,776,44.506141,44.603076
162,/proc,402903,48536921,48544646,384,34176,48,48.536921,48.544646
163,/proc,404119,48536930,48544639,433,34176,48,48.53693,48.544639
164,/proc,404867,1963356,2004380,6403,394536,32,1.963356,2.00438
165,/proc,405357,7031743,7034023,424,19829,64,7.031743,7.034023
166,/proc,406490,48536922,48544628,373,34176,48,48.536922,48.544628
167,/proc,414535,37851381,37967711,57392,2407366,896,37.851381,37.967711
168,/proc,415251,7058315,7060929,424,19844,64,7.058315,7.060929
169,/proc,416172,47883603,47984128,179,11392,16,47.883603,47.984128
170,/proc,418076,44572146,44679666,22754,1185328,776,44.572146,44.679666
171,/proc,418658,47897459,47965364,176,11392,16,47.897459,47.965364
172,/proc,418838,7028167,7030730,425,20095,64,7.028167,7.03073
173,/proc,420816,47883566,47962426,180,11392,16,47.883566,47.962426
174,/proc,422252,47883615,47965438,175,11400,16,47.883615,47.965438
175,/proc,422450,47883662,47970553,175,11392,16,47.883662,47.970553
176,/proc,425929,47883627,47998996,178,11392,16,47.883627,47.998996
177,/proc,426642,47883589,47970629,179,11400,16,47.883589,47.970629
178,/proc,427426,47893686,48000676,180,11392,16,47.893686,48.000676
179,/proc,437628,6028472,6098017,45,32,16,6.028472,6.098017
180,/proc,439598,5965254,6057192,46,32,16,5.965254,6.057192
181,/sys,9327,49513970,49530496,3043,3432,416,49.51397,49.530496
182,/sys,23718,5964817,6097076,350,928,88,5.964817,6.097076
183,/sys,23825,6264100,6459910,21295,7688,712,6.2641,6.45991
184,/sys,39642,37969257,37969303,8,10,4,37.969257,37.969303
185,/sys,42530,44128970,44634304,1014628,403280,8432,44.12897,44.634304
186,/sys,58887,44195330,44676542,1078540,403280,8432,44.19533,44.676542
187,/sys,63772,44281066,44767204,1043910,403280,8432,44.281066,44.767204
188,/sys,76623,6291123,6471982,21447,7688,712,6.291123,6.471982
189,/sys,79323,6378322,6477574,19002,2304,136,6.378322,6.477574
190,/sys,81654,6718452,6759417,3391,5384,576,6.718452,6.759417
191,/sys,95059,49513183,49529582,2950,3432,416,49.513183,49.529582
192,/sys,97770,49513871,49529776,3000,3432,416,49.513871,49.529776
193,/sys,103050,6065281,6133181,354,928,88,6.065281,6.133181
194,/sys,109696,6604620,6645439,3361,5384,576,6.60462,6.645439
195,/sys,110155,5937089,6068858,480,928,88,5.937089,6.068858
196,/sys,110262,6232234,6451022,21626,7688,712,6.232234,6.451022
197,/sys,120890,44201018,44695500,1081994,403280,8432,44.201018,44.6955
198,/sys,128563,5913461,6044627,354,928,88,5.913461,6.044627
199,/sys,128670,6210494,6405702,21493,7688,712,6.210494,6.405702
200,/sys,132243,5873886,5970233,396,928,88,5.873886,5.970233
201,/sys,132350,6167277,6293378,18014,2304,136,6.167277,6.293378
202,/sys,145919,6372709,6538217,21934,7688,712,6.372709,6.538217
203,/sys,153858,49513957,49530343,3010,3432,416,49.513957,49.530343
204,/sys,154332,49513353,49529406,2954,3432,416,49.513353,49.529406
205,/sys,154413,44157281,44646607,1065167,403280,8432,44.157281,44.646607
206,/sys,167469,44098306,44594978,1068775,403280,8432,44.098306,44.594978
207,/sys,168748,44196990,44675225,1036484,403280,8432,44.19699,44.675225
208,/sys,172046,6038967,6118475,370,928,88,6.038967,6.118475
209,/sys,172153,6336705,6496829,22359,7688,712,6.336705,6.496829
210,/sys,181784,49513637,49529136,2947,3432,416,49.513637,49.529136
211,/sys,198938,49513618,49529886,2994,3432,416,49.513618,49.529886
212,/sys,208895,49513827,49530084,2962,3432,416,49.513827,49.530084
213,/sys,210231,44073939,44531175,914129,403280,8432,44.073939,44.531175
214,/sys,221535,6041314,6127265,352,928,88,6.041314,6.127265
215,/sys,221642,6344700,6512200,21222,7688,712,6.3447,6.5122
216,/sys,224258,5851400,5971793,351,928,88,5.8514,5.971793
217,/sys,224365,6162893,6299871,17998,2304,136,6.162893,6.299871
218,/sys,240614,5977362,6056368,392,928,88,5.977362,6.056368
219,/sys,243566,6836359,6877286,3373,5384,576,6.836359,6.877286
220,/sys,247581,6036167,6123733,353,928,88,6.036167,6.123733
221,/sys,247688,6327277,6429762,21374,2304,136,6.327277,6.429762
222,/sys,247833,6779349,6820259,3391,5384,576,6.779349,6.820259
223,/sys,248162,6247043,6418557,22013,7688,712,6.247043,6.418557
224,/sys,250503,6033031,6121198,337,928,88,6.033031,6.121198
225,/sys,250610,6329439,6427613,20295,2304,136,6.329439,6.427613
226,/sys,251831,6265222,6426556,22271,7688,712,6.265222,6.426556
227,/sys,256623,44140905,44633377,1075178,403280,8432,44.140905,44.633377
228,/sys,267413,6781707,6822414,3358,5384,576,6.781707,6.822414
229,/sys,285954,44067300,44537189,994605,403270,8428,44.0673,44.537189
230,/sys,295827,49513831,49529537,2966,3432,416,49.513831,49.529537
231,/sys,300172,6853496,6895484,3338,5384,576,6.853496,6.895484
232,/sys,310989,49513589,49529553,3033,3432,416,49.513589,49.529553
233,/sys,312000,44186534,44669451,1082992,403280,8432,44.186534,44.669451
234,/sys,322099,49513319,49529592,2931,3432,416,49.513319,49.529592
235,/sys,330104,5942466,6018279,361,928,88,5.942466,6.018279
236,/sys,333773,5971659,6058668,348,928,88,5.971659,6.058668
237,/sys,341206,49513522,49530001,2966,3432,416,49.513522,49.530001
238,/sys,357562,5980923,6078818,356,928,88,5.980923,6.078818
239,/sys,357669,6271953,6385791,19223,2304,136,6.271953,6.385791
240,/sys,360760,44114951,44603612,1071865,403280,8432,44.114951,44.603612
241,/sys,366716,49513786,49529972,3030,3432,416,49.513786,49.529972
242,/sys,371920,44151299,44641099,1080713,403280,8432,44.151299,44.641099
243,/sys,378642,6622341,6662473,3353,5384,576,6.622341,6.662473
244,/sys,382076,6376977,6477179,19078,2304,136,6.376977,6.477179
245,/sys,389785,44138806,44629748,1058818,403280,8432,44.138806,44.629748
246,/sys,395741,49513998,49530228,2959,3432,416,49.513998,49.530228
247,/sys,396976,44111015,44599446,1061346,403280,8432,44.111015,44.599446
248,/sys,397924,49514041,49530219,2945,3432,416,49.514041,49.530219
249,/sys,398192,44171411,44666003,1010085,403280,8432,44.171411,44.666003
250,/sys,402932,49513883,49530376,2981,3432,416,49.513883,49.530376
251,/sys,418193,6069134,6145343,347,928,88,6.069134,6.145343
252,/sys,437641,6068157,6149687,374,928,88,6.068157,6.149687
253,/usr/WS2,15047,44848329,48442734,886802,97968384,15360,44.848329,48.442734
254,/usr/WS2,25148,18155992,18648601,1903859,139468160,12544,18.155992,18.648601
255,/usr/WS2,39588,37925020,37936784,34642,235264,256,37.92502,37.936784
256,/usr/WS2,40899,37366396,37679142,195213,25689216,2816,37.366396,37.679142
257,/usr/WS2,66815,22977471,23097463,109130,7028608,512,22.977471,23.097463
258,/usr/WS2,99153,30000004,30015387,2432,375644,1136,30.000004,30.015387
259,/usr/WS2,126192,2173789,2197154,87611,8489984,1408,2.173789,2.197154
260,/usr/WS2,137501,20707525,20711317,177954,9219840,384,20.707525,20.711317
261,/usr/WS2,146640,23708639,23717631,41368,651264,256,23.708639,23.717631
262,/usr/WS2,159895,35472693,35572286,345481,38221440,3200,35.472693,35.572286
263,/usr/WS2,162849,35713963,35718116,110622,10962944,640,35.713963,35.718116
264,/usr/WS2,163816,37166375,37183246,234232,18972416,1152,37.166375,37.183246
265,/usr/WS2,164017,43937493,43974429,119571,1673472,768,43.937493,43.974429
266,/usr/WS2,169062,21204299,21217937,98395,2531456,256,21.204299,21.217937
267,/usr/WS2,190971,29819326,30000003,276196,1342116,7568,29.819326,30.000003
268,/usr/WS2,210292,122046,219649,29872,67840,1024,0.122046,0.219649
269,/usr/WS2,277841,19085042,19908314,3722337,202442112,19328,19.085042,19.908314
270,/usr/WS2,280334,20175376,20333767,646285,54215680,4864,20.175376,20.333767
271,/usr/WS2,295977,1289444,1308076,2114867,3928704,256,1.289444,1.308076
272,/usr/WS2,309909,23987663,23991691,60926,2237184,256,23.987663,23.991691
273,/usr/WS2,344867,26324053,26328601,639,231552,256,26.324053,26.328601
274,/usr/WS2,358579,29394051,29634696,98078,856448,896,29.394051,29.634696
275,/usr/WS2,378191,35001512,35030219,592507,26885120,2816,35.001512,35.030219
276,/usr/share,81918,2552417,2559934,37123,16256,128,2.552417,2.559934
277,/usr/tce,142102,3749236,3766427,1417,397696,256,3.749236,3.766427
278,/usr/workspace,39402,37840711,37887961,25,1213,4,37.840711,37.887961
279,/usr/workspace,39756,43919163,43979900,392,931,5,43.919163,43.9799
280,/usr/workspace,45692,47605734,47605746,12,188,1,47.605734,47.605746
281,/usr/workspace,45693,47882362,47882980,18,481,3,47.882362,47.88298
282,/usr/workspace,45705,48536162,48547691,63,2812,16,48.536162,48.547691
283,/usr/workspace,45748,49386181,49419425,510,1860,262,49.386181,49.419425
