src,dest,wt
f_structure_iterx_x.npz,p_createsims,17988
f_createsims_success,p_createsims,1961038225
p_createsims,f_createsims_success,1961038225
f_structure_iterx_x.npz,p_createsims,16980
f_createsims_success,p_createsims,1906060776
p_createsims,f_createsims_success,1906060776
f_structure_iterx_x.npz,p_createsims,19641
f_createsims_success,p_createsims,2614951819
p_createsims,f_createsims_success,2614951819
f_structure_iterx_x.npz,p_createsims,16237
f_createsims_failure,p_createsims,79473016
p_createsims,f_createsims_failure,79473016
f_structure_iterx_x.npz,p_createsims,15560
f_createsims_success,p_createsims,1804425072
p_createsims,f_createsims_success,1804425072
f_structure_iterx_x.npz,p_createsims,17422
f_createsims_success,p_createsims,2302188941
p_createsims,f_createsims_success,2302188941
f_structure_iterx_x.npz,p_createsims,61332
f_createsims_success,p_createsims,1757920150
p_createsims,f_createsims_success,1757920150
f_structure_iterx_x.npz,p_createsims,16032
f_createsims_success,p_createsims,3575045698
p_createsims,f_createsims_success,3575045698
f_structure_iterx_x.npz,p_createsims,60456
f_createsims_failure,p_createsims,84141290
p_createsims,f_createsims_failure,84141290
f_structure_iterx_x.npz,p_cganalysis,20668
f_createsims_failure,p_cganalysis,81780740
p_cganalysis,f_createsims_failure,81780740
f_structure_iterx_x.npz,p_createsims,17795
f_createsims_success,p_createsims,2336599601
p_createsims,f_createsims_success,2336599601
f_structure_iterx_x.npz,p_createsims,18418
f_createsims_success,p_createsims,3344833880
p_createsims,f_createsims_success,3344833880
f_structure_iterx_x.npz,p_createsims,15018
f_createsims_success,p_createsims,2460347365
p_createsims,f_createsims_success,2460347365
f_structure_iterx_x.npz,p_createsims,14160
f_createsims_success,p_createsims,2826042661
p_createsims,f_createsims_success,2826042661
f_structure_iterx_x.npz,p_createsims,15968
f_createsims_success,p_createsims,1779116098
p_createsims,f_createsims_success,1779116098
f_structure_iterx_x.npz,p_createsims,21784
f_createsims_failure,p_createsims,76894074
p_createsims,f_createsims_failure,76894074
f_structure_iterx_x.npz,p_createsims,13630
f_createsims_success,p_createsims,2529138286
p_createsims,f_createsims_success,2529138286
f_structure_iterx_x.npz,p_createsims,19262
f_structure_iterx_x.npz,p_createsims,16021
f_createsims_success,p_createsims,2554171010
p_createsims,f_createsims_success,2554171010
f_structure_iterx_x.npz,p_createsims,62550
f_createsims_success,p_createsims,2041501447
p_createsims,f_createsims_success,2041501447
f_structure_iterx_x.npz,p_createsims,14359
f_createsims_success,p_createsims,2443864613
p_createsims,f_createsims_success,2443864613
f_structure_iterx_x.npz,p_createsims,46946
f_createsims_success,p_createsims,1694182364
p_createsims,f_createsims_success,1694182364
f_structure_iterx_x.npz,p_createsims,16228
f_createsims_success,p_createsims,2534944187
p_createsims,f_createsims_success,2534944187
f_structure_iterx_x.npz,p_createsims,16390
f_structure_iterx_x.npz,p_createsims,15342
f_createsims_success,p_createsims,2380380747
p_createsims,f_createsims_success,2380380747
f_structure_iterx_x.npz,p_createsims,15794
f_createsims_success,p_createsims,1942526599
p_createsims,f_createsims_success,1942526599
f_structure_iterx_x.npz,p_createsims,15036
f_createsims_success,p_createsims,3003006335
p_createsims,f_createsims_success,3003006335
f_structure_iterx_x.npz,p_createsims,18465
f_createsims_success,p_createsims,3383536939
p_createsims,f_createsims_success,3383536939
f_structure_iterx_x.npz,p_createsims,17028
f_createsims_success,p_createsims,2503823664
p_createsims,f_createsims_success,2503823664
f_structure_iterx_x.npz,p_createsims,67848
f_createsims_success,p_createsims,1749637201
p_createsims,f_createsims_success,1749637201
f_structure_iterx_x.npz,p_createsims,16444
f_createsims_failure,p_createsims,77981813
p_createsims,f_createsims_failure,77981813
f_structure_iterx_x.npz,p_createsims,62822
f_createsims_failure,p_createsims,83922555
p_createsims,f_createsims_failure,83922555
f_structure_iterx_x.npz,p_createsims,17059
f_createsims_success,p_createsims,1768232825
p_createsims,f_createsims_success,1768232825
f_structure_iterx_x.npz,p_createsims,16510
f_createsims_success,p_createsims,2202024225
p_createsims,f_createsims_success,2202024225
f_structure_iterx_x.npz,p_createsims,15993
f_createsims_failure,p_createsims,77323034
p_createsims,f_createsims_failure,77323034
f_structure_iterx_x.npz,p_createsims,17736
f_createsims_success,p_createsims,1936555954
p_createsims,f_createsims_success,1936555954
f_structure_iterx_x.npz,p_createsims,18219
f_createsims_failure,p_createsims,82983146
p_createsims,f_createsims_failure,82983146
f_structure_iterx_x.npz,p_createsims,64690
f_createsims_success,p_createsims,1751942931
p_createsims,f_createsims_success,1751942931
f_structure_iterx_x.npz,p_createsims,23014
f_createsims_success,p_createsims,3180615229
p_createsims,f_createsims_success,3180615229
f_structure_iterx_x.npz,p_createsims,26027
f_createsims_failure,p_createsims,83599271
p_createsims,f_createsims_failure,83599271
f_structure_iterx_x.npz,p_createsims,17180
f_createsims_failure,p_createsims,83024898
p_createsims,f_createsims_failure,83024898
f_structure_iterx_x.npz,p_createsims,14622
f_createsims_success,p_createsims,2610999187
p_createsims,f_createsims_success,2610999187
f_structure_iterx_x.npz,p_createsims,59741
f_createsims_failure,p_createsims,79424436
p_createsims,f_createsims_failure,79424436
f_structure_iterx_x.npz,p_createsims,15318
f_createsims_success,p_createsims,2292111976
p_createsims,f_createsims_success,2292111976
f_structure_iterx_x.npz,p_createsims,15763
f_createsims_success,p_createsims,2101290016
p_createsims,f_createsims_success,2101290016
f_structure_iterx_x.npz,p_createsims,15320
f_createsims_success,p_createsims,3100495949
p_createsims,f_createsims_success,3100495949
f_structure_iterx_x.npz,p_createsims,17797
f_createsims_success,p_createsims,2013168222
p_createsims,f_createsims_success,2013168222
f_structure_iterx_x.npz,p_createsims,14312
f_createsims_success,p_createsims,2367971247
p_createsims,f_createsims_success,2367971247
f_structure_iterx_x.npz,p_createsims,22680
f_createsims_failure,p_createsims,77014743
p_createsims,f_createsims_failure,77014743
f_structure_iterx_x.npz,p_createsims,18950
f_createsims_success,p_createsims,4253289777
p_createsims,f_createsims_success,4253289777
f_structure_iterx_x.npz,p_createsims,13443
f_createsims_failure,p_createsims,81803618
p_createsims,f_createsims_failure,81803618
f_structure_iterx_x.npz,p_createsims,17740
f_createsims_success,p_createsims,4869769736
p_createsims,f_createsims_success,4869769736
f_structure_iterx_x.npz,p_createsims,15482
f_createsims_success,p_createsims,2282388473
p_createsims,f_createsims_success,2282388473
f_structure_iterx_x.npz,p_createsims,16857
f_createsims_success,p_createsims,1837277561
p_createsims,f_createsims_success,1837277561
f_structure_iterx_x.npz,p_createsims,17194
f_createsims_success,p_createsims,3329779822
p_createsims,f_createsims_success,3329779822
f_structure_iterx_x.npz,p_createsims,18076
f_createsims_success,p_createsims,2268313229
p_createsims,f_createsims_success,2268313229
f_structure_iterx_x.npz,p_createsims,17270
f_createsims_success,p_createsims,2733989787
p_createsims,f_createsims_success,2733989787
f_structure_iterx_x.npz,p_createsims,58592
f_createsims_success,p_createsims,2032484816
p_createsims,f_createsims_success,2032484816
f_structure_iterx_x.npz,p_createsims,57861
f_createsims_failure,p_createsims,147194012
p_createsims,f_createsims_failure,147194012
f_structure_iterx_x.npz,p_createsims,15460
f_createsims_success,p_createsims,1886834312
p_createsims,f_createsims_success,1886834312
f_structure_iterx_x.npz,p_createsims,20587
f_structure_iterx_x.npz,p_createsims,19333
f_createsims_success,p_createsims,2240340101
p_createsims,f_createsims_success,2240340101
f_structure_iterx_x.npz,p_createsims,15838
f_createsims_success,p_createsims,3187119919
p_createsims,f_createsims_success,3187119919
f_structure_iterx_x.npz,p_createsims,15162
f_createsims_success,p_createsims,2170062107
p_createsims,f_createsims_success,2170062107
f_structure_iterx_x.npz,p_createsims,15977
f_createsims_success,p_createsims,1782615428
p_createsims,f_createsims_success,1782615428
f_structure_iterx_x.npz,p_createsims,17597
f_createsims_success,p_createsims,1661884098
p_createsims,f_createsims_success,1661884098
f_structure_iterx_x.npz,p_createsims,16786
f_createsims_success,p_createsims,2231126796
p_createsims,f_createsims_success,2231126796
f_structure_iterx_x.npz,p_createsims,15046
f_createsims_success,p_createsims,2251137082
p_createsims,f_createsims_success,2251137082
f_structure_iterx_x.npz,p_createsims,62622
f_createsims_failure,p_createsims,81216515
p_createsims,f_createsims_failure,81216515
f_structure_iterx_x.npz,p_createsims,17924
f_createsims_failure,p_createsims,79056987
p_createsims,f_createsims_failure,79056987
f_structure_iterx_x.npz,p_createsims,14238
f_createsims_success,p_createsims,2301054631
p_createsims,f_createsims_success,2301054631
f_structure_iterx_x.npz,p_createsims,16861
f_createsims_success,p_createsims,1940442690
p_createsims,f_createsims_success,1940442690
f_structure_iterx_x.npz,p_createsims,18560
f_createsims_success,p_createsims,2688492838
p_createsims,f_createsims_success,2688492838
f_structure_iterx_x.npz,p_createsims,16191
f_createsims_success,p_createsims,4411950160
p_createsims,f_createsims_success,4411950160
f_structure_iterx_x.npz,p_createsims,81756
f_createsims_success,p_createsims,1873250655
p_createsims,f_createsims_success,1873250655
f_structure_iterx_x.npz,p_createsims,16262
f_createsims_success,p_createsims,1925430605
p_createsims,f_createsims_success,1925430605
f_structure_iterx_x.npz,p_createsims,16978
f_createsims_failure,p_createsims,79775395
p_createsims,f_createsims_failure,79775395
f_structure_iterx_x.npz,p_createsims,19745
f_createsims_success,p_createsims,2620041927
p_createsims,f_createsims_success,2620041927
f_structure_iterx_x.npz,p_createsims,64407
f_createsims_failure,p_createsims,82688932
p_createsims,f_createsims_failure,82688932
f_structure_iterx_x.npz,p_createsims,17014
f_createsims_success,p_createsims,2376261578
p_createsims,f_createsims_success,2376261578
f_structure_iterx_x.npz,p_createsims,14253
f_createsims_failure,p_createsims,77073983
p_createsims,f_createsims_failure,77073983
f_structure_iterx_x.npz,p_createsims,24789
f_createsims_failure,p_createsims,76902137
p_createsims,f_createsims_failure,76902137
f_structure_iterx_x.npz,p_createsims,71328
f_createsims_success,p_createsims,1846592607
p_createsims,f_createsims_success,1846592607
f_structure_iterx_x.npz,p_createsims,25089
f_structure_iterx_x.npz,p_createsims,12884
f_createsims_success,p_createsims,2001117310
p_createsims,f_createsims_success,2001117310
f_structure_iterx_x.npz,p_createsims,16257
f_createsims_failure,p_createsims,78104026
p_createsims,f_createsims_failure,78104026
f_structure_iterx_x.npz,p_createsims,25164
f_createsims_success,p_createsims,2051517618
p_createsims,f_createsims_success,2051517618
f_structure_iterx_x.npz,p_createsims,17441
f_createsims_success,p_createsims,1938049313
p_createsims,f_createsims_success,1938049313
f_structure_iterx_x.npz,p_createsims,17422
f_createsims_failure,p_createsims,79422687
p_createsims,f_createsims_failure,79422687
f_structure_iterx_x.npz,p_createsims,16202
f_createsims_success,p_createsims,3532736733
p_createsims,f_createsims_success,3532736733
f_structure_iterx_x.npz,p_createsims,18590
f_createsims_success,p_createsims,3023281924
p_createsims,f_createsims_success,3023281924
f_structure_iterx_x.npz,p_createsims,63116
f_createsims_success,p_createsims,2128140551
p_createsims,f_createsims_success,2128140551
f_structure_iterx_x.npz,p_createsims,23916
f_createsims_success,p_createsims,2049948693
p_createsims,f_createsims_success,2049948693
f_structure_iterx_x.npz,p_createsims,62925
f_createsims_success,p_createsims,2112404647
p_createsims,f_createsims_success,2112404647
f_structure_iterx_x.npz,p_createsims,15119
f_createsims_success,p_createsims,2254739211
p_createsims,f_createsims_success,2254739211
f_structure_iterx_x.npz,p_createsims,64374
f_createsims_success,p_createsims,1775723479
p_createsims,f_createsims_success,1775723479
f_structure_iterx_x.npz,p_createsims,17317
f_createsims_success,p_createsims,2401660318
p_createsims,f_createsims_success,2401660318
f_structure_iterx_x.npz,p_createsims,17909
f_createsims_success,p_createsims,2163390133
p_createsims,f_createsims_success,2163390133
f_structure_iterx_x.npz,p_createsims,59207
f_createsims_success,p_createsims,2287998023
p_createsims,f_createsims_success,2287998023
f_structure_iterx_x.npz,p_createsims,12717
f_createsims_success,p_createsims,2474185889
p_createsims,f_createsims_success,2474185889
f_structure_iterx_x.npz,p_createsims,17481
f_createsims_success,p_createsims,1986418713
p_createsims,f_createsims_success,1986418713
f_structure_iterx_x.npz,p_createsims,14894
f_createsims_failure,p_createsims,82053760
p_createsims,f_createsims_failure,82053760
f_structure_iterx_x.npz,p_createsims,45560
f_createsims_failure,p_createsims,79008639
p_createsims,f_createsims_failure,79008639
f_structure_iterx_x.npz,p_createsims,17194
f_createsims_success,p_createsims,2347046989
p_createsims,f_createsims_success,2347046989
f_structure_iterx_x.npz,p_createsims,17086
f_structure_iterx_x.npz,p_createsims,15795
f_createsims_success,p_createsims,1912179042
p_createsims,f_createsims_success,1912179042
f_structure_iterx_x.npz,p_createsims,15767
f_createsims_success,p_createsims,2506231992
p_createsims,f_createsims_success,2506231992
f_structure_iterx_x.npz,p_cganalysis,19954
f_createsims_success,p_cganalysis,1890849941
p_cganalysis,f_createsims_success,1890849941
f_structure_iterx_x.npz,p_createsims,18609
f_createsims_success,p_createsims,4355308620
p_createsims,f_createsims_success,4355308620
f_structure_iterx_x.npz,p_createsims,19424
f_structure_iterx_x.npz,p_createsims,15428
f_structure_iterx_x.npz,p_createsims,75320
f_createsims_success,p_createsims,1974547720
p_createsims,f_createsims_success,1974547720
f_structure_iterx_x.npz,p_createsims,19660
f_structure_iterx_x.npz,p_createsims,59272
f_createsims_success,p_createsims,1914489311
p_createsims,f_createsims_success,1914489311
f_structure_iterx_x.npz,p_createsims,16041
f_createsims_success,p_createsims,2415072269
p_createsims,f_createsims_success,2415072269
f_structure_iterx_x.npz,p_createsims,17414
f_createsims_success,p_createsims,2601314448
p_createsims,f_createsims_success,2601314448
f_structure_iterx_x.npz,p_createsims,16486
f_createsims_success,p_createsims,2171181931
p_createsims,f_createsims_success,2171181931
f_structure_iterx_x.npz,p_createsims,17016
f_createsims_success,p_createsims,4128431310
p_createsims,f_createsims_success,4128431310
f_structure_iterx_x.npz,p_createsims,15418
f_createsims_success,p_createsims,2881246524
p_createsims,f_createsims_success,2881246524
f_structure_iterx_x.npz,p_createsims,14394
f_createsims_success,p_createsims,2761336945
p_createsims,f_createsims_success,2761336945
f_structure_iterx_x.npz,p_mlserver,29359864
p_mlserver,f_structure_iterx_x.npz,29359864
f_structure_iterx_x.npz,p_mlserver,29361913
p_mlserver,f_structure_iterx_x.npz,29361913
f_structure_iterx_x.npz,p_mlserver,29363767
p_mlserver,f_structure_iterx_x.npz,29363767
f_structure_iterx_x.npz,p_mlserver,29365633
p_mlserver,f_structure_iterx_x.npz,29365633
f_structure_iterx_x.npz,p_mlserver,29367854
p_mlserver,f_structure_iterx_x.npz,29367854
f_structure_iterx_x.npz,p_mlserver,29369699
p_mlserver,f_structure_iterx_x.npz,29369699
f_structure_iterx_x.npz,p_mlserver,29371555
p_mlserver,f_structure_iterx_x.npz,29371555
f_structure_iterx_x.npz,p_mlserver,29373391
p_mlserver,f_structure_iterx_x.npz,29373391
f_structure_iterx_x.npz,p_mlserver,29379322
p_mlserver,f_structure_iterx_x.npz,29379322
f_structure_iterx_x.npz,p_mlserver,29381512
p_mlserver,f_structure_iterx_x.npz,29381512
f_structure_iterx_x.npz,p_mlserver,29383350
p_mlserver,f_structure_iterx_x.npz,29383350
f_structure_iterx_x.npz,p_mlserver,29385199
p_mlserver,f_structure_iterx_x.npz,29385199
f_structure_iterx_x.npz,p_mlserver,29387169
p_mlserver,f_structure_iterx_x.npz,29387169
f_structure_iterx_x.npz,p_mlserver,29389015
p_mlserver,f_structure_iterx_x.npz,29389015
f_structure_iterx_x.npz,p_mlserver,29392733
p_mlserver,f_structure_iterx_x.npz,29392733
f_structure_iterx_x.npz,p_mlserver,29394597
p_mlserver,f_structure_iterx_x.npz,29394597
f_structure_iterx_x.npz,p_mlserver,29400161
p_mlserver,f_structure_iterx_x.npz,29400161
f_structure_iterx_x.npz,p_mlserver,29402024
p_mlserver,f_structure_iterx_x.npz,29402024
f_structure_iterx_x.npz,p_mlserver,29403877
p_mlserver,f_structure_iterx_x.npz,29403877
f_structure_iterx_x.npz,p_mlserver,29405754
p_mlserver,f_structure_iterx_x.npz,29405754
f_structure_iterx_x.npz,p_mlserver,29407608
p_mlserver,f_structure_iterx_x.npz,29407608
f_structure_iterx_x.npz,p_mlserver,29411304
p_mlserver,f_structure_iterx_x.npz,29411304
f_structure_iterx_x.npz,p_mlserver,29413160
p_mlserver,f_structure_iterx_x.npz,29413160
f_structure_iterx_x.npz,p_mlserver,29415038
p_mlserver,f_structure_iterx_x.npz,29415038
f_structure_iterx_x.npz,p_mlserver,29420927
p_mlserver,f_structure_iterx_x.npz,29420927
f_structure_iterx_x.npz,p_mlserver,29422808
p_mlserver,f_structure_iterx_x.npz,29422808
f_structure_iterx_x.npz,p_mlserver,29424658
p_mlserver,f_structure_iterx_x.npz,29424658
f_structure_iterx_x.npz,p_mlserver,29426528
p_mlserver,f_structure_iterx_x.npz,29426528
f_structure_iterx_x.npz,p_mlserver,29428394
p_mlserver,f_structure_iterx_x.npz,29428394
f_structure_iterx_x.npz,p_mlserver,29430257
p_mlserver,f_structure_iterx_x.npz,29430257
f_structure_iterx_x.npz,p_mlserver,29432136
p_mlserver,f_structure_iterx_x.npz,29432136
f_structure_iterx_x.npz,p_mlserver,29441502
p_mlserver,f_structure_iterx_x.npz,29441502
f_structure_iterx_x.npz,p_mlserver,29443383
p_mlserver,f_structure_iterx_x.npz,29443383
f_structure_iterx_x.npz,p_mlserver,29447156
p_mlserver,f_structure_iterx_x.npz,29447156
f_structure_iterx_x.npz,p_mlserver,29449058
p_mlserver,f_structure_iterx_x.npz,29449058
f_structure_iterx_x.npz,p_mlserver,29450944
p_mlserver,f_structure_iterx_x.npz,29450944
f_structure_iterx_x.npz,p_mlserver,29452839
p_mlserver,f_structure_iterx_x.npz,29452839
f_structure_iterx_x.npz,p_mlserver,29454714
p_mlserver,f_structure_iterx_x.npz,29454714
f_structure_iterx_x.npz,p_mlserver,115777508
p_mlserver,f_structure_iterx_x.npz,115777508
f_structure_iterx_x.npz,p_mlserver,115779804
p_mlserver,f_structure_iterx_x.npz,115779804
f_structure_iterx_x.npz,p_mlserver,115783708
p_mlserver,f_structure_iterx_x.npz,115783708
f_structure_iterx_x.npz,p_mlserver,115785643
p_mlserver,f_structure_iterx_x.npz,115785643
f_structure_iterx_x.npz,p_mlserver,115789487
p_mlserver,f_structure_iterx_x.npz,115789487
f_structure_iterx_x.npz,p_mlserver,115791409
p_mlserver,f_structure_iterx_x.npz,115791409
f_structure_iterx_x.npz,p_mlserver,115795321
p_mlserver,f_structure_iterx_x.npz,115795321
f_structure_iterx_x.npz,p_mlserver,115797259
p_mlserver,f_structure_iterx_x.npz,115797259
f_structure_iterx_x.npz,p_mlserver,115799187
p_mlserver,f_structure_iterx_x.npz,115799187
f_structure_iterx_x.npz,p_mlserver,115801129
p_mlserver,f_structure_iterx_x.npz,115801129
f_structure_iterx_x.npz,p_mlserver,115803085
p_mlserver,f_structure_iterx_x.npz,115803085
f_structure_iterx_x.npz,p_mlserver,115805025
p_mlserver,f_structure_iterx_x.npz,115805025
f_structure_iterx_x.npz,p_mlserver,115806973
p_mlserver,f_structure_iterx_x.npz,115806973
f_structure_iterx_x.npz,p_mlserver,115808911
p_mlserver,f_structure_iterx_x.npz,115808911
f_structure_iterx_x.npz,p_mlserver,115810835
p_mlserver,f_structure_iterx_x.npz,115810835
f_structure_iterx_x.npz,p_mlserver,115812758
p_mlserver,f_structure_iterx_x.npz,115812758
f_structure_iterx_x.npz,p_mlserver,115814684
p_mlserver,f_structure_iterx_x.npz,115814684
f_structure_iterx_x.npz,p_mlserver,115816627
p_mlserver,f_structure_iterx_x.npz,115816627
f_structure_iterx_x.npz,p_mlserver,115818562
p_mlserver,f_structure_iterx_x.npz,115818562
f_structure_iterx_x.npz,p_mlserver,115822420
p_mlserver,f_structure_iterx_x.npz,115822420
f_structure_iterx_x.npz,p_mlserver,115824348
p_mlserver,f_structure_iterx_x.npz,115824348
f_structure_iterx_x.npz,p_mlserver,115826289
p_mlserver,f_structure_iterx_x.npz,115826289
f_structure_iterx_x.npz,p_mlserver,115828250
p_mlserver,f_structure_iterx_x.npz,115828250
f_structure_iterx_x.npz,p_mlserver,115830190
p_mlserver,f_structure_iterx_x.npz,115830190
f_structure_iterx_x.npz,p_mlserver,115832126
p_mlserver,f_structure_iterx_x.npz,115832126
f_structure_iterx_x.npz,p_mlserver,115834063
p_mlserver,f_structure_iterx_x.npz,115834063
f_structure_iterx_x.npz,p_mlserver,115836013
p_mlserver,f_structure_iterx_x.npz,115836013
f_structure_iterx_x.npz,p_mlserver,115837950
p_mlserver,f_structure_iterx_x.npz,115837950
f_structure_iterx_x.npz,p_mlserver,115839894
p_mlserver,f_structure_iterx_x.npz,115839894
f_structure_iterx_x.npz,p_mlserver,115841982
p_mlserver,f_structure_iterx_x.npz,115841982
f_structure_iterx_x.npz,p_mlserver,115843931
p_mlserver,f_structure_iterx_x.npz,115843931
f_structure_iterx_x.npz,p_mlserver,115845881
p_mlserver,f_structure_iterx_x.npz,115845881
f_structure_iterx_x.npz,p_mlserver,115849783
p_mlserver,f_structure_iterx_x.npz,115849783
f_structure_iterx_x.npz,p_mlserver,115851741
p_mlserver,f_structure_iterx_x.npz,115851741
f_structure_iterx_x.npz,p_mlserver,115853696
p_mlserver,f_structure_iterx_x.npz,115853696
f_structure_iterx_x.npz,p_mlserver,115855677
p_mlserver,f_structure_iterx_x.npz,115855677
f_structure_iterx_x.npz,p_mlserver,115857635
p_mlserver,f_structure_iterx_x.npz,115857635
f_structure_iterx_x.npz,p_mlserver,115859577
p_mlserver,f_structure_iterx_x.npz,115859577
f_structure_iterx_x.npz,p_mlserver,115863607
p_mlserver,f_structure_iterx_x.npz,115863607
f_structure_iterx_x.npz,p_mlserver,115865568
p_mlserver,f_structure_iterx_x.npz,115865568
f_structure_iterx_x.npz,p_mlserver,115867528
p_mlserver,f_structure_iterx_x.npz,115867528
f_structure_iterx_x.npz,p_mlserver,115869482
p_mlserver,f_structure_iterx_x.npz,115869482
f_structure_iterx_x.npz,p_mlserver,115871436
p_mlserver,f_structure_iterx_x.npz,115871436
f_structure_iterx_x.npz,p_mlserver,205175629
p_mlserver,f_structure_iterx_x.npz,205175629
f_structure_iterx_x.npz,p_mlserver,205180212
p_mlserver,f_structure_iterx_x.npz,205180212
f_structure_iterx_x.npz,p_mlserver,205182199
p_mlserver,f_structure_iterx_x.npz,205182199
f_structure_iterx_x.npz,p_mlserver,205184182
p_mlserver,f_structure_iterx_x.npz,205184182
f_structure_iterx_x.npz,p_mlserver,205186175
p_mlserver,f_structure_iterx_x.npz,205186175
f_structure_iterx_x.npz,p_mlserver,205190211
p_mlserver,f_structure_iterx_x.npz,205190211
f_structure_iterx_x.npz,p_mlserver,205192206
p_mlserver,f_structure_iterx_x.npz,205192206
f_structure_iterx_x.npz,p_mlserver,205194209
p_mlserver,f_structure_iterx_x.npz,205194209
f_structure_iterx_x.npz,p_mlserver,205196217
p_mlserver,f_structure_iterx_x.npz,205196217
f_structure_iterx_x.npz,p_mlserver,205198209
p_mlserver,f_structure_iterx_x.npz,205198209
f_structure_iterx_x.npz,p_mlserver,205200189
p_mlserver,f_structure_iterx_x.npz,205200189
f_structure_iterx_x.npz,p_mlserver,205202180
p_mlserver,f_structure_iterx_x.npz,205202180
f_structure_iterx_x.npz,p_mlserver,205206170
p_mlserver,f_structure_iterx_x.npz,205206170
f_structure_iterx_x.npz,p_mlserver,205210144
p_mlserver,f_structure_iterx_x.npz,205210144
f_structure_iterx_x.npz,p_mlserver,205212135
p_mlserver,f_structure_iterx_x.npz,205212135
f_structure_iterx_x.npz,p_mlserver,205214130
p_mlserver,f_structure_iterx_x.npz,205214130
f_structure_iterx_x.npz,p_mlserver,205216143
p_mlserver,f_structure_iterx_x.npz,205216143
f_structure_iterx_x.npz,p_mlserver,205218152
p_mlserver,f_structure_iterx_x.npz,205218152
f_structure_iterx_x.npz,p_mlserver,205220144
p_mlserver,f_structure_iterx_x.npz,205220144
f_structure_iterx_x.npz,p_mlserver,205222195
p_mlserver,f_structure_iterx_x.npz,205222195
f_structure_iterx_x.npz,p_mlserver,205224202
p_mlserver,f_structure_iterx_x.npz,205224202
f_structure_iterx_x.npz,p_mlserver,205226215
p_mlserver,f_structure_iterx_x.npz,205226215
f_structure_iterx_x.npz,p_mlserver,205228249
p_mlserver,f_structure_iterx_x.npz,205228249
f_structure_iterx_x.npz,p_mlserver,205230260
p_mlserver,f_structure_iterx_x.npz,205230260
f_structure_iterx_x.npz,p_mlserver,205232261
p_mlserver,f_structure_iterx_x.npz,205232261
f_structure_iterx_x.npz,p_mlserver,205234282
p_mlserver,f_structure_iterx_x.npz,205234282
f_structure_iterx_x.npz,p_mlserver,205236304
p_mlserver,f_structure_iterx_x.npz,205236304
f_structure_iterx_x.npz,p_mlserver,205240322
p_mlserver,f_structure_iterx_x.npz,205240322
f_structure_iterx_x.npz,p_mlserver,205242343
p_mlserver,f_structure_iterx_x.npz,205242343
f_structure_iterx_x.npz,p_mlserver,205246395
p_mlserver,f_structure_iterx_x.npz,205246395
f_structure_iterx_x.npz,p_mlserver,205248412
p_mlserver,f_structure_iterx_x.npz,205248412
f_structure_iterx_x.npz,p_mlserver,205252436
p_mlserver,f_structure_iterx_x.npz,205252436
f_structure_iterx_x.npz,p_mlserver,205254446
p_mlserver,f_structure_iterx_x.npz,205254446
f_structure_iterx_x.npz,p_mlserver,205256469
p_mlserver,f_structure_iterx_x.npz,205256469
f_structure_iterx_x.npz,p_mlserver,205258484
p_mlserver,f_structure_iterx_x.npz,205258484
f_structure_iterx_x.npz,p_mlserver,205262969
p_mlserver,f_structure_iterx_x.npz,205262969
f_structure_iterx_x.npz,p_mlserver,205265047
p_mlserver,f_structure_iterx_x.npz,205265047
f_structure_iterx_x.npz,p_mlserver,205267133
p_mlserver,f_structure_iterx_x.npz,205267133
f_structure_iterx_x.npz,p_mlserver,205271298
p_mlserver,f_structure_iterx_x.npz,205271298
f_structure_iterx_x.npz,p_mlserver,205275450
p_mlserver,f_structure_iterx_x.npz,205275450
f_structure_iterx_x.npz,p_mlserver,304842601
p_mlserver,f_structure_iterx_x.npz,304842601
f_structure_iterx_x.npz,p_mlserver,304845169
p_mlserver,f_structure_iterx_x.npz,304845169
f_structure_iterx_x.npz,p_mlserver,304849460
p_mlserver,f_structure_iterx_x.npz,304849460
f_structure_iterx_x.npz,p_mlserver,304851588
p_mlserver,f_structure_iterx_x.npz,304851588
f_structure_iterx_x.npz,p_mlserver,304853723
p_mlserver,f_structure_iterx_x.npz,304853723
f_structure_iterx_x.npz,p_mlserver,304855865
p_mlserver,f_structure_iterx_x.npz,304855865
f_structure_iterx_x.npz,p_mlserver,304857998
p_mlserver,f_structure_iterx_x.npz,304857998
f_structure_iterx_x.npz,p_mlserver,304860123
p_mlserver,f_structure_iterx_x.npz,304860123
f_structure_iterx_x.npz,p_mlserver,304862249
p_mlserver,f_structure_iterx_x.npz,304862249
f_structure_iterx_x.npz,p_mlserver,304864386
p_mlserver,f_structure_iterx_x.npz,304864386
f_structure_iterx_x.npz,p_mlserver,304866525
p_mlserver,f_structure_iterx_x.npz,304866525
f_structure_iterx_x.npz,p_mlserver,304868663
p_mlserver,f_structure_iterx_x.npz,304868663
f_structure_iterx_x.npz,p_mlserver,304875061
p_mlserver,f_structure_iterx_x.npz,304875061
f_structure_iterx_x.npz,p_mlserver,304877206
p_mlserver,f_structure_iterx_x.npz,304877206
f_structure_iterx_x.npz,p_mlserver,304883655
p_mlserver,f_structure_iterx_x.npz,304883655
f_structure_iterx_x.npz,p_mlserver,304885803
p_mlserver,f_structure_iterx_x.npz,304885803
f_structure_iterx_x.npz,p_mlserver,304887937
p_mlserver,f_structure_iterx_x.npz,304887937
f_structure_iterx_x.npz,p_mlserver,304894354
p_mlserver,f_structure_iterx_x.npz,304894354
f_structure_iterx_x.npz,p_mlserver,304896502
p_mlserver,f_structure_iterx_x.npz,304896502
f_structure_iterx_x.npz,p_mlserver,304898632
p_mlserver,f_structure_iterx_x.npz,304898632
f_structure_iterx_x.npz,p_mlserver,304900766
p_mlserver,f_structure_iterx_x.npz,304900766
f_structure_iterx_x.npz,p_mlserver,304902898
p_mlserver,f_structure_iterx_x.npz,304902898
f_structure_iterx_x.npz,p_mlserver,304905046
p_mlserver,f_structure_iterx_x.npz,304905046
f_structure_iterx_x.npz,p_mlserver,304907192
p_mlserver,f_structure_iterx_x.npz,304907192
f_structure_iterx_x.npz,p_mlserver,304909331
p_mlserver,f_structure_iterx_x.npz,304909331
f_structure_iterx_x.npz,p_mlserver,304913619
p_mlserver,f_structure_iterx_x.npz,304913619
f_structure_iterx_x.npz,p_mlserver,304915770
p_mlserver,f_structure_iterx_x.npz,304915770
f_structure_iterx_x.npz,p_mlserver,304917922
p_mlserver,f_structure_iterx_x.npz,304917922
f_structure_iterx_x.npz,p_mlserver,304920079
p_mlserver,f_structure_iterx_x.npz,304920079
f_structure_iterx_x.npz,p_mlserver,304922237
p_mlserver,f_structure_iterx_x.npz,304922237
f_structure_iterx_x.npz,p_mlserver,304924405
p_mlserver,f_structure_iterx_x.npz,304924405
f_structure_iterx_x.npz,p_mlserver,304930861
p_mlserver,f_structure_iterx_x.npz,304930861
f_structure_iterx_x.npz,p_mlserver,304933013
p_mlserver,f_structure_iterx_x.npz,304933013
f_structure_iterx_x.npz,p_mlserver,304935159
p_mlserver,f_structure_iterx_x.npz,304935159
f_structure_iterx_x.npz,p_mlserver,304939830
p_mlserver,f_structure_iterx_x.npz,304939830
f_structure_iterx_x.npz,p_mlserver,304941978
p_mlserver,f_structure_iterx_x.npz,304941978
f_structure_iterx_x.npz,p_mlserver,304946297
p_mlserver,f_structure_iterx_x.npz,304946297
f_structure_iterx_x.npz,p_mlserver,304948455
p_mlserver,f_structure_iterx_x.npz,304948455
f_structure_iterx_x.npz,p_mlserver,402238665
p_mlserver,f_structure_iterx_x.npz,402238665
f_structure_iterx_x.npz,p_mlserver,402241315
p_mlserver,f_structure_iterx_x.npz,402241315
f_structure_iterx_x.npz,p_mlserver,402243585
p_mlserver,f_structure_iterx_x.npz,402243585
f_structure_iterx_x.npz,p_mlserver,402245866
p_mlserver,f_structure_iterx_x.npz,402245866
f_structure_iterx_x.npz,p_mlserver,402248129
p_mlserver,f_structure_iterx_x.npz,402248129
f_structure_iterx_x.npz,p_mlserver,402250366
p_mlserver,f_structure_iterx_x.npz,402250366
f_structure_iterx_x.npz,p_mlserver,402252617
p_mlserver,f_structure_iterx_x.npz,402252617
f_structure_iterx_x.npz,p_mlserver,402257091
p_mlserver,f_structure_iterx_x.npz,402257091
f_structure_iterx_x.npz,p_mlserver,402259329
p_mlserver,f_structure_iterx_x.npz,402259329
f_structure_iterx_x.npz,p_mlserver,402266056
p_mlserver,f_structure_iterx_x.npz,402266056
f_structure_iterx_x.npz,p_mlserver,402268294
p_mlserver,f_structure_iterx_x.npz,402268294
f_structure_iterx_x.npz,p_mlserver,402270521
p_mlserver,f_structure_iterx_x.npz,402270521
f_structure_iterx_x.npz,p_mlserver,402272758
p_mlserver,f_structure_iterx_x.npz,402272758
f_structure_iterx_x.npz,p_mlserver,402274992
p_mlserver,f_structure_iterx_x.npz,402274992
f_structure_iterx_x.npz,p_mlserver,402279464
p_mlserver,f_structure_iterx_x.npz,402279464
f_structure_iterx_x.npz,p_mlserver,402281701
p_mlserver,f_structure_iterx_x.npz,402281701
f_structure_iterx_x.npz,p_mlserver,402286205
p_mlserver,f_structure_iterx_x.npz,402286205
f_structure_iterx_x.npz,p_mlserver,402288867
p_mlserver,f_structure_iterx_x.npz,402288867
f_structure_iterx_x.npz,p_mlserver,402291095
p_mlserver,f_structure_iterx_x.npz,402291095
f_structure_iterx_x.npz,p_mlserver,402295581
p_mlserver,f_structure_iterx_x.npz,402295581
f_structure_iterx_x.npz,p_mlserver,402297821
p_mlserver,f_structure_iterx_x.npz,402297821
f_structure_iterx_x.npz,p_mlserver,402300061
p_mlserver,f_structure_iterx_x.npz,402300061
f_structure_iterx_x.npz,p_mlserver,402302302
p_mlserver,f_structure_iterx_x.npz,402302302
f_structure_iterx_x.npz,p_mlserver,402304541
p_mlserver,f_structure_iterx_x.npz,402304541
f_structure_iterx_x.npz,p_mlserver,402306798
p_mlserver,f_structure_iterx_x.npz,402306798
f_structure_iterx_x.npz,p_mlserver,402309401
p_mlserver,f_structure_iterx_x.npz,402309401
f_structure_iterx_x.npz,p_mlserver,402311646
p_mlserver,f_structure_iterx_x.npz,402311646
f_structure_iterx_x.npz,p_mlserver,402313888
p_mlserver,f_structure_iterx_x.npz,402313888
f_structure_iterx_x.npz,p_mlserver,402316156
p_mlserver,f_structure_iterx_x.npz,402316156
f_structure_iterx_x.npz,p_mlserver,402318415
p_mlserver,f_structure_iterx_x.npz,402318415
f_structure_iterx_x.npz,p_mlserver,402320671
p_mlserver,f_structure_iterx_x.npz,402320671
f_structure_iterx_x.npz,p_mlserver,402322933
p_mlserver,f_structure_iterx_x.npz,402322933
f_structure_iterx_x.npz,p_mlserver,402325193
p_mlserver,f_structure_iterx_x.npz,402325193
f_structure_iterx_x.npz,p_mlserver,402327456
p_mlserver,f_structure_iterx_x.npz,402327456
f_structure_iterx_x.npz,p_mlserver,402329716
p_mlserver,f_structure_iterx_x.npz,402329716
f_structure_iterx_x.npz,p_mlserver,402331992
p_mlserver,f_structure_iterx_x.npz,402331992
f_structure_iterx_x.npz,p_mlserver,402334256
p_mlserver,f_structure_iterx_x.npz,402334256
f_structure_iterx_x.npz,p_mlserver,402336526
p_mlserver,f_structure_iterx_x.npz,402336526
f_structure_iterx_x.npz,p_mlserver,402338801
p_mlserver,f_structure_iterx_x.npz,402338801
f_structure_iterx_x.npz,p_mlserver,402341105
p_mlserver,f_structure_iterx_x.npz,402341105
f_structure_iterx_x.npz,p_mlserver,402343379
p_mlserver,f_structure_iterx_x.npz,402343379
f_structure_iterx_x.npz,p_mlserver,402350020
p_mlserver,f_structure_iterx_x.npz,402350020
f_structure_iterx_x.npz,p_mlserver,402352401
p_mlserver,f_structure_iterx_x.npz,402352401
f_structure_iterx_x.npz,p_mlserver,402354666
p_mlserver,f_structure_iterx_x.npz,402354666
f_structure_iterx_x.npz,p_mlserver,504411169
p_mlserver,f_structure_iterx_x.npz,504411169
f_structure_iterx_x.npz,p_mlserver,504413563
p_mlserver,f_structure_iterx_x.npz,504413563
f_structure_iterx_x.npz,p_mlserver,504427863
p_mlserver,f_structure_iterx_x.npz,504427863
f_structure_iterx_x.npz,p_mlserver,504437362
p_mlserver,f_structure_iterx_x.npz,504437362
f_structure_iterx_x.npz,p_mlserver,504456961
p_mlserver,f_structure_iterx_x.npz,504456961
f_structure_iterx_x.npz,p_mlserver,504466483
p_mlserver,f_structure_iterx_x.npz,504466483
f_structure_iterx_x.npz,p_mlserver,504468859
p_mlserver,f_structure_iterx_x.npz,504468859
f_structure_iterx_x.npz,p_mlserver,504473630
p_mlserver,f_structure_iterx_x.npz,504473630
f_structure_iterx_x.npz,p_mlserver,504493168
p_mlserver,f_structure_iterx_x.npz,504493168
f_structure_iterx_x.npz,p_mlserver,504512693
p_mlserver,f_structure_iterx_x.npz,504512693
f_structure_iterx_x.npz,p_mlserver,504527173
p_mlserver,f_structure_iterx_x.npz,504527173
f_structure_iterx_x.npz,p_createsims,17011
f_structure_iterx_x.npz,p_createsims,17191
f_createsims_success,p_createsims,2306732891
p_createsims,f_createsims_success,2306732891
f_structure_iterx_x.npz,p_createsims,18790
f_structure_iterx_x.npz,p_createsims,16571
f_createsims_success,p_createsims,2528131933
p_createsims,f_createsims_success,2528131933
f_structure_iterx_x.npz,p_createsims,13697
f_createsims_success,p_createsims,2341502408
p_createsims,f_createsims_success,2341502408
f_structure_iterx_x.npz,p_createsims,17673
f_structure_iterx_x.npz,p_createsims,17284
f_createsims_success,p_createsims,2173121291
p_createsims,f_createsims_success,2173121291
f_structure_iterx_x.npz,p_createsims,154853
f_createsims_success,p_createsims,2518393676
p_createsims,f_createsims_success,2518393676
f_structure_iterx_x.npz,p_createsims,17505
f_createsims_success,p_createsims,3635987536
p_createsims,f_createsims_success,3635987536
f_structure_iterx_x.npz,p_createsims,66170
f_createsims_failure,p_createsims,79924444
p_createsims,f_createsims_failure,79924444
f_structure_iterx_x.npz,p_createsims,22968
f_createsims_success,p_createsims,1760952140
p_createsims,f_createsims_success,1760952140
f_structure_iterx_x.npz,p_createsims,16711
f_createsims_failure,p_createsims,80002777
p_createsims,f_createsims_failure,80002777
f_structure_iterx_x.npz,p_createsims,17324
f_createsims_failure,p_createsims,83093505
p_createsims,f_createsims_failure,83093505
f_structure_iterx_x.npz,p_createsims,14668
f_createsims_success,p_createsims,3861212827
p_createsims,f_createsims_success,3861212827
f_structure_iterx_x.npz,p_createsims,43055
f_createsims_failure,p_createsims,79006215
p_createsims,f_createsims_failure,79006215
f_structure_iterx_x.npz,p_createsims,15878
f_createsims_success,p_createsims,2056929886
p_createsims,f_createsims_success,2056929886
f_structure_iterx_x.npz,p_createsims,70773
f_createsims_success,p_createsims,1937448852
p_createsims,f_createsims_success,1937448852
f_structure_iterx_x.npz,p_createsims,20453
f_createsims_failure,p_createsims,78358495
p_createsims,f_createsims_failure,78358495
f_structure_iterx_x.npz,p_createsims,19695
f_createsims_success,p_createsims,1966079053
p_createsims,f_createsims_success,1966079053
f_structure_iterx_x.npz,p_createsims,64796
f_createsims_success,p_createsims,1951714852
p_createsims,f_createsims_success,1951714852
f_structure_iterx_x.npz,p_createsims,26021
f_structure_iterx_x.npz,p_createsims,24395
f_structure_iterx_x.npz,p_createsims,12624
f_createsims_failure,p_createsims,78902936
p_createsims,f_createsims_failure,78902936
f_structure_iterx_x.npz,p_createsims,20040
f_structure_iterx_x.npz,p_createsims,17533
f_createsims_success,p_createsims,1996473360
p_createsims,f_createsims_success,1996473360
f_structure_iterx_x.npz,p_createsims,65834
f_createsims_failure,p_createsims,81553379
p_createsims,f_createsims_failure,81553379
f_structure_iterx_x.npz,p_createsims,18258
f_createsims_failure,p_createsims,78920356
p_createsims,f_createsims_failure,78920356
f_structure_iterx_x.npz,p_createsims,14423
f_createsims_success,p_createsims,2232626595
p_createsims,f_createsims_success,2232626595
f_structure_iterx_x.npz,p_createsims,18999
f_structure_iterx_x.npz,p_createsims,26065
f_createsims_success,p_createsims,4779049226
p_createsims,f_createsims_success,4779049226
f_structure_iterx_x.npz,p_createsims,16592
f_createsims_success,p_createsims,1959963526
p_createsims,f_createsims_success,1959963526
f_structure_iterx_x.npz,p_createsims,15686
f_createsims_success,p_createsims,2267442078
p_createsims,f_createsims_success,2267442078
f_structure_iterx_x.npz,p_createsims,23988
f_structure_iterx_x.npz,p_createsims,14483
f_createsims_success,p_createsims,2346278228
p_createsims,f_createsims_success,2346278228
f_structure_iterx_x.npz,p_createsims,14475
f_createsims_success,p_createsims,3246700859
p_createsims,f_createsims_success,3246700859
f_structure_iterx_x.npz,p_createsims,17719
f_createsims_failure,p_createsims,78817518
p_createsims,f_createsims_failure,78817518
f_structure_iterx_x.npz,p_createsims,19160
f_createsims_success,p_createsims,2350141993
p_createsims,f_createsims_success,2350141993
f_structure_iterx_x.npz,p_createsims,16668
f_createsims_success,p_createsims,1706716005
p_createsims,f_createsims_success,1706716005
f_structure_iterx_x.npz,p_createsims,16381
f_createsims_success,p_createsims,2168236294
p_createsims,f_createsims_success,2168236294
f_structure_iterx_x.npz,p_createsims,65918
f_createsims_success,p_createsims,1715843288
p_createsims,f_createsims_success,1715843288
f_structure_iterx_x.npz,p_createsims,64934
f_createsims_success,p_createsims,2003274113
p_createsims,f_createsims_success,2003274113
f_structure_iterx_x.npz,p_createsims,97942
f_createsims_success,p_createsims,2199703190
p_createsims,f_createsims_success,2199703190
f_structure_iterx_x.npz,p_createsims,15155
f_createsims_failure,p_createsims,82785741
p_createsims,f_createsims_failure,82785741
f_structure_iterx_x.npz,p_createsims,16261
f_createsims_success,p_createsims,2205517149
p_createsims,f_createsims_success,2205517149
f_structure_iterx_x.npz,p_createsims,18573
f_createsims_success,p_createsims,2511417442
p_createsims,f_createsims_success,2511417442
f_structure_iterx_x.npz,p_createsims,15585
f_createsims_success,p_createsims,2373143973
p_createsims,f_createsims_success,2373143973
f_structure_iterx_x.npz,p_createsims,16088
f_createsims_failure,p_createsims,77047532
p_createsims,f_createsims_failure,77047532
f_structure_iterx_x.npz,p_createsims,17382
f_structure_iterx_x.npz,p_createsims,62966
f_createsims_success,p_createsims,1956347024
p_createsims,f_createsims_success,1956347024
f_structure_iterx_x.npz,p_createsims,17345
f_createsims_success,p_createsims,1888379366
p_createsims,f_createsims_success,1888379366
f_structure_iterx_x.npz,p_createsims,15780
f_createsims_failure,p_createsims,80012686
p_createsims,f_createsims_failure,80012686
f_structure_iterx_x.npz,p_createsims,60594
f_createsims_success,p_createsims,1835596378
p_createsims,f_createsims_success,1835596378
f_structure_iterx_x.npz,p_createsims,62237
f_createsims_failure,p_createsims,84433912
p_createsims,f_createsims_failure,84433912
f_structure_iterx_x.npz,p_createsims,20963
f_createsims_success,p_createsims,1832873341
p_createsims,f_createsims_success,1832873341
f_structure_iterx_x.npz,p_createsims,25636
f_structure_iterx_x.npz,p_createsims,18154
f_structure_iterx_x.npz,p_createsims,15731
f_createsims_success,p_createsims,2544432510
p_createsims,f_createsims_success,2544432510
f_structure_iterx_x.npz,p_createsims,14850
f_createsims_failure,p_createsims,79473373
p_createsims,f_createsims_failure,79473373
f_structure_iterx_x.npz,p_createsims,18883
f_createsims_success,p_createsims,2099391149
p_createsims,f_createsims_success,2099391149
f_structure_iterx_x.npz,p_createsims,14150
f_createsims_success,p_createsims,2331075659
p_createsims,f_createsims_success,2331075659
f_structure_iterx_x.npz,p_createsims,14899
f_createsims_success,p_createsims,1978517699
p_createsims,f_createsims_success,1978517699
f_structure_iterx_x.npz,p_createsims,18211
f_structure_iterx_x.npz,p_createsims,22171
f_structure_iterx_x.npz,p_createsims,19345
f_structure_iterx_x.npz,p_createsims,14841
f_createsims_failure,p_createsims,79892297
p_createsims,f_createsims_failure,79892297
f_createsims_failure,p_14251,85904186
f_createsims_success,p_14251,85904283
f_createsims_failure,p_14251,85905942
f_createsims_success,p_14251,85906029
f_createsims_failure,p_14251,85906299
f_createsims_success,p_14251,85906385
f_createsims_failure,p_14251,85906652
f_createsims_success,p_14251,85906738
f_createsims_success,p_14251,85906914
f_createsims_success,p_14251,85907090
f_createsims_success,p_14251,85907266
f_createsims_failure,p_14251,85907532
f_createsims_success,p_14251,85907618
f_createsims_failure,p_14251,85907881
f_createsims_success,p_14251,85907967
f_createsims_success,p_14251,85908143
f_createsims_failure,p_14251,85908408
f_createsims_failure,p_14251,85908582
f_createsims_success,p_14251,85908668
f_createsims_success,p_14251,85908842
f_createsims_failure,p_14251,85909107
f_createsims_failure,p_14251,85909282
f_createsims_success,p_14251,85909368
f_createsims_success,p_14251,85909542
f_createsims_success,p_14251,85909717
f_createsims_success,p_14251,85909893
f_createsims_success,p_14251,85910068
f_createsims_success,p_14251,85910242
f_createsims_success,p_14251,85910416
f_createsims_success,p_14251,85910591
f_createsims_success,p_14251,85910765
f_createsims_failure,p_14251,85911029
f_createsims_success,p_14251,85911114
f_createsims_failure,p_14251,85911377
f_createsims_success,p_14251,85911463
f_createsims_success,p_14251,85911637
f_createsims_failure,p_14251,85911901
f_createsims_success,p_14251,178501840
f_createsims_success,p_14251,178542775
f_createsims_success,p_14251,178542959
f_createsims_success,p_14251,178543138
f_createsims_success,p_14251,178543315
f_createsims_failure,p_14251,178543580
f_createsims_failure,p_14251,178543756
f_createsims_success,p_14251,178543842
f_createsims_success,p_14251,178544018
f_createsims_failure,p_14251,178544282
f_createsims_success,p_14251,178544368
f_createsims_failure,p_14251,178544631
f_createsims_success,p_14251,178544717
f_createsims_success,p_14251,178544892
f_createsims_success,p_14251,178545066
f_createsims_success,p_14251,178545240
f_createsims_success,p_14251,178545420
f_createsims_success,p_14251,178545608
f_createsims_success,p_14251,178545782
f_createsims_success,p_14251,178545956
f_createsims_failure,p_14251,178546219
f_createsims_success,p_14251,178546304
f_createsims_failure,p_14251,178546567
f_createsims_success,p_14251,178546652
f_createsims_success,p_14251,178546825
f_createsims_success,p_14251,178547000
f_createsims_success,p_14251,178547174
f_createsims_failure,p_14251,178547437
f_createsims_success,p_14251,178547522
f_createsims_success,p_14251,178547696
f_createsims_success,p_14251,178547870
f_createsims_failure,p_14251,178548132
f_createsims_success,p_14251,178548217
f_createsims_success,p_14251,178548391
f_createsims_success,p_14251,178548564
f_createsims_failure,p_14251,178548825
f_createsims_failure,p_14251,178548998
f_createsims_success,p_14251,178549083
f_createsims_success,p_14251,178549255
f_createsims_success,p_14251,178549429
f_createsims_success,p_14251,178549602
f_createsims_success,p_14251,178549776
f_createsims_success,p_14251,178549949
f_createsims_success,p_14251,273432262
f_createsims_success,p_14251,273461191
f_createsims_success,p_14251,273479106
f_createsims_failure,p_14251,273492005
f_createsims_success,p_14251,273492092
f_createsims_success,p_14251,273493001
f_createsims_success,p_14251,273508771
f_createsims_failure,p_14251,273560916
f_createsims_success,p_14251,273561003
f_createsims_failure,p_14251,273613673
f_createsims_success,p_14251,273613759
f_createsims_success,p_14251,273648818
f_createsims_failure,p_14251,273692296
f_createsims_success,p_14251,273692383
f_createsims_success,p_14251,273718119
f_createsims_success,p_14251,273742965
f_createsims_success,p_14251,273757282
f_createsims_success,p_14251,273772309
f_createsims_success,p_14251,273773181
f_createsims_success,p_14251,273773358
f_createsims_success,p_14251,273786094
f_createsims_success,p_14251,273799926
f_createsims_success,p_14251,273820163
f_createsims_success,p_14251,273837225
f_createsims_success,p_14251,273856066
f_createsims_failure,p_14251,273882265
f_createsims_success,p_14251,273882351
f_createsims_success,p_14251,273900027
f_createsims_failure,p_14251,273955263
f_createsims_success,p_14251,273955348
f_createsims_success,p_14251,273964985
f_createsims_success,p_14251,273965879
f_createsims_success,p_14251,273987627
f_createsims_success,p_14251,273987804
f_createsims_success,p_14251,274017684
f_createsims_success,p_14251,274040657
f_createsims_success,p_14251,274040833
f_createsims_success,p_14251,274058039
f_createsims_success,p_14251,274079443
f_createsims_failure,p_14251,274123447
f_createsims_success,p_14251,375087751
f_createsims_success,p_14251,375114054
f_createsims_failure,p_14251,375180663
f_createsims_failure,p_14251,375182117
f_createsims_success,p_14251,375182204
f_createsims_success,p_14251,375199336
f_createsims_success,p_14251,375224257
f_createsims_success,p_14251,375237572
f_createsims_success,p_14251,375267276
f_createsims_success,p_14251,375292667
f_createsims_success,p_14251,375294115
f_createsims_failure,p_14251,375341989
f_createsims_success,p_14251,375342076
f_createsims_success,p_14251,375351100
f_createsims_success,p_14251,375352488
f_createsims_success,p_14251,375377399
f_createsims_success,p_14251,375388009
f_createsims_success,p_14251,375389405
f_createsims_success,p_14251,375400098
f_createsims_failure,p_14251,375448451
f_createsims_success,p_14251,375448537
f_createsims_failure,p_14251,375451239
f_createsims_success,p_14251,375451326
f_createsims_success,p_14251,375479905
f_createsims_failure,p_14251,375504576
f_createsims_success,p_14251,375504662
f_createsims_success,p_14251,375518451
f_createsims_success,p_14251,375539673
f_createsims_failure,p_14251,375568242
f_createsims_success,p_14251,375568327
f_createsims_failure,p_14251,375595185
f_createsims_success,p_14251,375595269
f_createsims_failure,p_14251,375621841
f_createsims_success,p_14251,375621927
f_createsims_failure,p_14251,375645218
f_createsims_success,p_14251,375645303
f_createsims_success,p_14251,375647298
f_createsims_success,p_14251,375668743
f_createsims_success,p_14251,479036710
f_createsims_failure,p_14251,479123875
f_createsims_success,p_14251,479123962
f_createsims_success,p_14251,479124823
f_createsims_success,p_14251,479147371
f_createsims_failure,p_14251,479175471
f_createsims_success,p_14251,479187277
f_createsims_success,p_14251,479224949
f_createsims_success,p_14251,479252312
f_createsims_success,p_14251,479321376
f_createsims_success,p_14251,479334794
f_createsims_failure,p_14251,479362692
f_createsims_success,p_14251,479393642
f_createsims_success,p_14251,479421102
f_createsims_failure,p_14251,479472433
f_createsims_success,p_14251,479472518
f_createsims_success,p_14251,479484794
f_createsims_failure,p_14251,479496644
f_createsims_failure,p_14251,479496818
f_createsims_success,p_14251,479520540
f_createsims_success,p_14251,479521418
f_createsims_success,p_14251,479587857
f_createsims_success,p_14251,479589534
f_createsims_success,p_14251,479589709
f_createsims_failure,p_14251,479621036
f_structure_iterx_x.npz,p_createsims,19487
f_createsims_success,p_createsims,3630545339
p_createsims,f_createsims_success,3630545339
f_structure_iterx_x.npz,p_createsims,21710
f_structure_iterx_x.npz,p_createsims,68397
f_createsims_success,p_createsims,1917477122
p_createsims,f_createsims_success,1917477122
f_structure_iterx_x.npz,p_createsims,27981
f_createsims_success,p_createsims,3796883563
p_createsims,f_createsims_success,3796883563
f_structure_iterx_x.npz,p_createsims,17885
f_createsims_success,p_createsims,2175398927
p_createsims,f_createsims_success,2175398927
f_structure_iterx_x.npz,p_createsims,16197
f_createsims_failure,p_createsims,82805160
p_createsims,f_createsims_failure,82805160
f_structure_iterx_x.npz,p_createsims,23234
f_createsims_success,p_createsims,2783203521
p_createsims,f_createsims_success,2783203521
f_structure_iterx_x.npz,p_createsims,19712
f_structure_iterx_x.npz,p_createsims,82150
f_structure_iterx_x.npz,p_createsims,16609
f_createsims_failure,p_createsims,79261161
p_createsims,f_createsims_failure,79261161
f_structure_iterx_x.npz,p_createsims,64765
f_createsims_success,p_createsims,2093211626
p_createsims,f_createsims_success,2093211626
f_structure_iterx_x.npz,p_createsims,25687
f_structure_iterx_x.npz,p_createsims,19951
f_structure_iterx_x.npz,p_createsims,16533
f_structure_iterx_x.npz,p_createsims,16061
f_createsims_failure,p_createsims,79840366
p_createsims,f_createsims_failure,79840366
f_structure_iterx_x.npz,p_createsims,14081
f_createsims_success,p_createsims,2453879775
p_createsims,f_createsims_success,2453879775
f_structure_iterx_x.npz,p_createsims,21299
f_structure_iterx_x.npz,p_createsims,14847
f_createsims_success,p_createsims,1954874943
p_createsims,f_createsims_success,1954874943
f_structure_iterx_x.npz,p_createsims,61316
f_createsims_failure,p_createsims,83263027
p_createsims,f_createsims_failure,83263027
f_structure_iterx_x.npz,p_createsims,66590
f_createsims_success,p_createsims,1863755790
p_createsims,f_createsims_success,1863755790
f_structure_iterx_x.npz,p_createsims,16532
f_createsims_success,p_createsims,1748932701
p_createsims,f_createsims_success,1748932701
f_structure_iterx_x.npz,p_createsims,17549
f_createsims_success,p_createsims,4416325502
p_createsims,f_createsims_success,4416325502
f_structure_iterx_x.npz,p_createsims,69412
f_createsims_failure,p_createsims,77697082
p_createsims,f_createsims_failure,77697082
f_structure_iterx_x.npz,p_createsims,18995
f_structure_iterx_x.npz,p_createsims,15928
f_createsims_failure,p_createsims,77111433
p_createsims,f_createsims_failure,77111433
f_structure_iterx_x.npz,p_createsims,15352
f_createsims_failure,p_createsims,81172821
p_createsims,f_createsims_failure,81172821
f_structure_iterx_x.npz,p_createsims,14072
f_createsims_success,p_createsims,2729530946
p_createsims,f_createsims_success,2729530946
f_structure_iterx_x.npz,p_createsims,20063
f_structure_iterx_x.npz,p_createsims,14020
f_createsims_failure,p_createsims,139208049
p_createsims,f_createsims_failure,139208049
